year,province,district,district_pcode,food_insecure_pct,risk_class,label_source,is_survey_year,last_survey_food_insecure_pct,rain_12m_mm,rain_n_dry_months,rain_n_wet_months,rain_max_month_mm,rain_12m_pct_normal,rain_seasonB_mm,rain_seasonB_pct_normal,rain_seasonB_zscore,rain_seasonA_mm,rain_seasonA_pct_normal,rain_seasonA_zscore,temp_12m_c,temp_max_month_c,temp_12m_anomaly_c,temp_seasonB_c,temp_seasonB_anomaly_c,temp_seasonA_c,temp_seasonA_anomaly_c,price_beans_rwf_kg,price_beans_yoy_pct,price_level,price_maize_rwf_kg,price_maize_yoy_pct,price_cassava_flour_rwf_kg,price_cassava_flour_yoy_pct,price_irish_potato_rwf_kg,price_irish_potato_yoy_pct,price_sorghum_rwf_kg,price_sorghum_yoy_pct,sas_maize_yield_kg_ha,sas_maize_production_t,sas_maize_area_ha,sas_beans_yield_kg_ha,sas_beans_production_t,sas_beans_area_ha,sas_cassava_yield_kg_ha,sas_cassava_production_t,sas_cassava_area_ha,sas_irish_potato_yield_kg_ha,sas_irish_potato_production_t,sas_irish_potato_area_ha,sas_sweet_potato_yield_kg_ha,sas_sweet_potato_production_t,sas_sweet_potato_area_ha,sas_sorghum_yield_kg_ha,sas_sorghum_production_t,sas_sorghum_area_ha,sas_banana_yield_kg_ha,sas_banana_production_t,sas_banana_area_ha,sas_rice_yield_kg_ha,sas_rice_production_t,sas_rice_area_ha,sas_improved_seed_pct,sas_sold_pct,sas_worse_harvest_pct,sas_inorganic_fert_plots_pct,sas_inorganic_kg_ha,sas_dap_kg_ha,sas_urea_kg_ha,sas_npk_kg_ha,sas_n_seasons,sas_maize_yield_change_pct,sas_beans_yield_change_pct,sas_cassava_yield_change_pct,sas_irish_potato_yield_change_pct
2006,Kigali City,Nyarugenge,RW11,2.46,low,backfilled,False,,1056.0,2,2,207.0,102.73,371.0,93.17,-0.46,441.0,108.86,0.49,20.4,21.1,0.26,20.24,0.42,20.28,0.39,,,,,,,,,,,,,,,,,,,,,,,,,,,,,,,,,,,,,,,,,,,,,,,,
2006,Kigali City,Gasabo,RW12,23.71,medium,fcs_proxy_survey,True,,1041.2,2,2,216.3,102.56,372.4,93.29,-0.33,447.9,109.73,0.62,20.14,20.72,0.17,20.03,0.35,20.06,0.31,,,,,,,,,,,,,,,,,,,,,,,,,,,,,,,,,,,,,,,,,,,,,,,,
2006,Kigali City,Kicukiro,RW13,7.61,low,fcs_proxy_survey,True,,999.3,1,2,206.0,101.76,349.1,91.44,-0.48,429.6,109.29,0.52,21.02,21.68,0.23,20.79,0.35,20.94,0.39,,,,,,,,,,,,,,,,,,,,,,,,,,,,,,,,,,,,,,,,,,,,,,,,
2006,Southern Province,Nyanza,RW21,31.56,high,fcs_proxy_survey,True,,1028.6,1,0,161.1,95.74,393.3,95.11,-0.42,380.7,89.85,-0.49,20.07,21.0,0.37,20.02,0.63,20.0,0.39,,,,,,,,,,,,,,,,,,,,,,,,,,,,,,,,,,,,,,,,,,,,,,,,
2006,Southern Province,Gisagara,RW22,35.49,high,fcs_proxy_survey,True,,1053.1,2,0,171.6,90.53,411.7,94.67,-0.38,375.0,80.15,-1.11,20.52,21.87,0.33,20.34,0.6,20.52,0.34,,,,,,,,,,,,,,,,,,,,,,,,,,,,,,,,,,,,,,,,,,,,,,,,
2006,Southern Province,Nyaruguru,RW23,50.89,high,fcs_proxy_survey,True,,1292.4,0,0,192.7,92.07,496.9,98.44,-0.2,444.9,79.25,-1.36,17.85,18.53,0.18,17.88,0.38,17.82,0.17,,,,,,,,,,,,,,,,,,,,,,,,,,,,,,,,,,,,,,,,,,,,,,,,
2006,Southern Province,Huye,RW24,24.06,medium,fcs_proxy_survey,True,,1084.5,0,0,171.3,92.26,429.2,94.48,-0.38,368.7,82.32,-0.98,18.98,19.95,0.29,18.95,0.55,18.94,0.26,,,,,,,,,,,,,,,,,,,,,,,,,,,,,,,,,,,,,,,,,,,,,,,,
2006,Southern Province,Nyamagabe,RW25,43.08,high,fcs_proxy_survey,True,,1305.9,0,0,194.0,96.73,505.2,103.61,0.09,446.9,83.5,-1.2,17.24,17.83,0.15,17.38,0.38,17.22,0.14,,,,,,,,,,,,,,,,,,,,,,,,,,,,,,,,,,,,,,,,,,,,,,,,
2006,Southern Province,Ruhango,RW26,19.34,medium,fcs_proxy_survey,True,,1004.2,1,0,157.5,96.66,361.9,90.84,-0.67,391.3,95.81,-0.12,19.87,20.57,0.38,19.85,0.61,19.73,0.43,,,,,,,,,,,,,,,,,,,,,,,,,,,,,,,,,,,,,,,,,,,,,,,,
2006,Southern Province,Muhanga,RW27,18.53,medium,fcs_proxy_survey,True,,1022.5,2,0,164.3,91.54,356.7,84.57,-0.99,404.1,91.1,-0.5,19.59,20.18,0.31,19.59,0.55,19.36,0.39,,,,,,,,,,,,,,,,,,,,,,,,,,,,,,,,,,,,,,,,,,,,,,,,
2006,Southern Province,Kamonyi,RW28,13.46,low,fcs_proxy_survey,True,,994.8,2,1,181.4,98.16,353.1,89.57,-0.64,408.7,102.15,0.17,19.88,20.57,0.35,19.75,0.54,19.72,0.44,,,,,,,,,,,,,,,,,,,,,,,,,,,,,,,,,,,,,,,,,,,,,,,,
2006,Western Province,Karongi,RW31,39.87,high,fcs_proxy_survey,True,,1127.1,0,0,161.5,93.05,403.4,95.39,-0.43,405.8,82.8,-1.23,18.66,19.3,0.13,18.92,0.32,18.48,0.12,,,,,,,,,,,,,,,,,,,,,,,,,,,,,,,,,,,,,,,,,,,,,,,,
2006,Western Province,Rutsiro,RW32,36.03,high,fcs_proxy_survey,True,,1063.1,1,0,140.9,87.71,358.9,84.27,-1.07,379.4,78.32,-1.66,18.6,19.33,0.12,18.93,0.29,18.38,0.12,,,,,,,,,,,,,,,,,,,,,,,,,,,,,,,,,,,,,,,,,,,,,,,,
2006,Western Province,Rubavu,RW33,8.93,low,fcs_proxy_survey,True,,1027.5,1,0,130.5,85.76,336.1,82.64,-1.09,359.5,72.51,-2.62,17.17,17.94,0.09,17.55,0.28,17.0,0.12,,,,,,,,,,,,,,,,,,,,,,,,,,,,,,,,,,,,,,,,,,,,,,,,
2006,Western Province,Nyabihu,RW34,22.55,medium,fcs_proxy_survey,True,,1084.4,2,0,139.4,83.19,389.4,82.75,-1.15,375.1,70.11,-2.66,15.65,16.3,0.09,15.91,0.27,15.57,0.19,,,,,,,,,,,,,,,,,,,,,,,,,,,,,,,,,,,,,,,,,,,,,,,,
2006,Western Province,Ngororero,RW35,38.73,high,fcs_proxy_survey,True,,1058.8,1,0,158.1,87.44,370.6,82.52,-1.2,400.6,82.48,-1.26,17.16,17.69,0.18,17.32,0.37,17.01,0.27,,,,,,,,,,,,,,,,,,,,,,,,,,,,,,,,,,,,,,,,,,,,,,,,
2006,Western Province,Rusizi,RW36,31.93,high,fcs_proxy_survey,True,,1290.3,0,0,195.5,89.72,457.2,96.13,-0.46,444.7,74.46,-2.02,19.41,20.29,0.24,19.46,0.43,19.58,0.29,,,,,,,,,,,,,,,,,,,,,,,,,,,,,,,,,,,,,,,,,,,,,,,,
2006,Western Province,Nyamasheke,RW37,36.62,high,fcs_proxy_survey,True,,1295.9,0,0,188.2,91.16,466.9,98.5,-0.3,453.7,75.83,-2.11,18.54,19.15,0.09,18.75,0.27,18.57,0.12,,,,,,,,,,,,,,,,,,,,,,,,,,,,,,,,,,,,,,,,,,,,,,,,
2006,Northern Province,Rulindo,RW41,19.0,medium,fcs_proxy_survey,True,,1113.8,2,2,197.0,99.3,417.6,94.84,-0.32,447.0,100.81,0.07,18.2,18.67,0.13,18.25,0.35,18.1,0.23,,,,,,,,,,,,,,,,,,,,,,,,,,,,,,,,,,,,,,,,,,,,,,,,
2006,Northern Province,Gakenke,RW42,22.78,medium,fcs_proxy_survey,True,,1002.7,2,0,160.7,86.81,372.3,84.86,-1.02,373.7,81.24,-1.34,18.9,19.35,0.2,18.9,0.43,18.72,0.29,,,,,,,,,,,,,,,,,,,,,,,,,,,,,,,,,,,,,,,,,,,,,,,,
2006,Northern Province,Musanze,RW43,31.43,high,fcs_proxy_survey,True,,1159.9,2,0,158.9,84.66,415.8,85.94,-1.02,401.8,70.09,-2.48,16.11,16.75,0.05,16.36,0.25,16.02,0.13,,,,,,,,,,,,,,,,,,,,,,,,,,,,,,,,,,,,,,,,,,,,,,,,
2006,Northern Province,Burera,RW44,44.85,high,fcs_proxy_survey,True,,1043.8,2,0,167.4,88.77,382.5,89.79,-0.76,393.9,80.01,-1.54,17.19,17.68,0.07,17.34,0.3,17.07,0.14,,,,,,,,,,,,,,,,,,,,,,,,,,,,,,,,,,,,,,,,,,,,,,,,
2006,Northern Province,Gicumbi,RW45,32.18,high,fcs_proxy_survey,True,,1118.1,2,0,198.8,101.06,431.4,99.58,0.1,444.4,99.31,0.08,18.26,18.83,0.1,18.3,0.29,18.18,0.21,,,,,,,,,,,,,,,,,,,,,,,,,,,,,,,,,,,,,,,,,,,,,,,,
2006,Eastern Province,Rwamagana,RW51,9.93,low,fcs_proxy_survey,True,,958.8,1,2,205.9,99.45,362.8,92.57,-0.39,409.2,105.25,0.41,21.19,21.86,0.23,20.96,0.35,21.14,0.4,,,,,,,,,,,,,,,,,,,,,,,,,,,,,,,,,,,,,,,,,,,,,,,,
2006,Eastern Province,Nyagatare,RW52,23.22,medium,fcs_proxy_survey,True,,884.8,2,0,150.9,96.02,353.9,103.36,0.49,342.6,85.93,-0.79,21.01,21.9,0.25,21.03,0.42,20.7,0.36,,,,,,,,,,,,,,,,,,,,,,,,,,,,,,,,,,,,,,,,,,,,,,,,
2006,Eastern Province,Gatsibo,RW53,21.25,medium,fcs_proxy_survey,True,,1018.0,1,1,172.0,101.78,388.2,101.23,0.29,412.0,100.12,0.19,20.95,21.72,0.22,20.87,0.35,20.79,0.37,,,,,,,,,,,,,,,,,,,,,,,,,,,,,,,,,,,,,,,,,,,,,,,,
2006,Eastern Province,Kayonza,RW54,15.18,medium,fcs_proxy_survey,True,,909.1,1,0,154.3,95.91,372.0,97.33,0.07,353.9,92.33,-0.27,21.57,22.26,0.23,21.42,0.32,21.41,0.37,,,,,,,,,,,,,,,,,,,,,,,,,,,,,,,,,,,,,,,,,,,,,,,,
2006,Eastern Province,Kirehe,RW55,21.18,medium,fcs_proxy_survey,True,,823.3,1,0,137.4,85.72,340.0,86.47,-0.76,317.0,82.6,-0.85,21.44,21.93,0.16,21.33,0.34,21.32,0.26,,,,,,,,,,,,,,,,,,,,,,,,,,,,,,,,,,,,,,,,,,,,,,,,
2006,Eastern Province,Ngoma,RW56,26.96,medium,fcs_proxy_survey,True,,929.1,1,1,191.7,92.16,351.3,87.93,-0.74,387.7,94.79,-0.15,21.6,22.24,0.24,21.35,0.38,21.58,0.39,,,,,,,,,,,,,,,,,,,,,,,,,,,,,,,,,,,,,,,,,,,,,,,,
2006,Eastern Province,Bugesera,RW57,28.83,medium,fcs_proxy_survey,True,,902.5,2,2,172.9,96.71,332.1,91.44,-0.56,371.8,98.7,0.04,21.56,22.37,0.3,21.3,0.43,21.51,0.43,,,,,,,,,,,,,,,,,,,,,,,,,,,,,,,,,,,,,,,,,,,,,,,,
2007,Kigali City,Nyarugenge,RW11,2.46,low,backfilled,False,,1267.0,1,2,221.5,123.26,480.0,120.54,1.02,525.0,129.6,1.57,20.01,21.01,-0.14,19.51,-0.31,20.09,0.19,,,,,,,,,,,,,,,,,,,,,,,,,,,,,,,,,,,,,,,,,,,,,,,,
2007,Kigali City,Gasabo,RW12,21.27,medium,interpolated,False,23.71,1234.7,1,2,222.5,121.62,483.1,121.02,1.37,513.7,125.85,1.48,19.79,20.73,-0.18,19.32,-0.36,19.88,0.13,,,,,,,,,,,,,,,,,,,,,,,,,,,,,,,,,,,,,,,,,,,,,,,,
2007,Kigali City,Kicukiro,RW13,7.11,low,interpolated,False,7.61,1207.8,0,2,224.1,122.99,460.9,120.72,1.16,509.1,129.51,1.53,20.63,21.72,-0.16,20.1,-0.34,20.74,0.2,,,,,,,,,,,,,,,,,,,,,,,,,,,,,,,,,,,,,,,,,,,,,,,,
2007,Southern Province,Nyanza,RW21,24.58,medium,interpolated,False,31.56,1304.5,0,2,215.7,121.42,490.2,118.55,1.02,545.6,128.77,1.73,19.55,20.76,-0.15,19.15,-0.24,19.74,0.14,,,,,,,,,,,,,,,,,,,,,,,,,,,,,,,,,,,,,,,,,,,,,,,,
2007,Southern Province,Gisagara,RW22,27.56,medium,interpolated,False,35.49,1439.7,0,3,228.8,123.76,552.3,126.99,1.42,595.9,127.36,1.87,20.03,21.52,-0.16,19.5,-0.24,20.31,0.14,,,,,,,,,,,,,,,,,,,,,,,,,,,,,,,,,,,,,,,,,,,,,,,,
2007,Southern Province,Nyaruguru,RW23,41.11,high,interpolated,False,50.89,1577.4,0,0,241.2,112.37,615.3,121.89,1.19,578.8,103.1,0.29,17.44,18.62,-0.23,17.14,-0.36,17.58,-0.07,,,,,,,,,,,,,,,,,,,,,,,,,,,,,,,,,,,,,,,,,,,,,,,,
2007,Southern Province,Huye,RW24,21.3,medium,interpolated,False,24.06,1399.9,0,1,218.6,119.09,563.5,124.04,1.31,529.5,118.22,1.27,18.52,19.83,-0.17,18.15,-0.26,18.75,0.06,,,,,,,,,,,,,,,,,,,,,,,,,,,,,,,,,,,,,,,,,,,,,,,,
2007,Southern Province,Nyamagabe,RW25,38.15,high,interpolated,False,43.08,1558.6,0,1,219.4,115.44,597.1,122.46,1.3,593.5,110.89,0.84,16.86,17.81,-0.23,16.69,-0.32,16.97,-0.11,,,,,,,,,,,,,,,,,,,,,,,,,,,,,,,,,,,,,,,,,,,,,,,,
2007,Southern Province,Ruhango,RW26,18.89,medium,interpolated,False,19.34,1204.3,0,2,190.1,115.92,451.0,113.2,0.69,486.7,119.17,1.21,19.35,20.37,-0.14,18.98,-0.26,19.43,0.13,,,,,,,,,,,,,,,,,,,,,,,,,,,,,,,,,,,,,,,,,,,,,,,,
2007,Southern Province,Muhanga,RW27,21.56,medium,interpolated,False,18.53,1228.1,2,1,178.2,109.95,467.4,110.81,0.57,467.7,105.43,0.41,19.11,19.94,-0.16,18.71,-0.33,19.05,0.08,,,,,,,,,,,,,,,,,,,,,,,,,,,,,,,,,,,,,,,,,,,,,,,,
2007,Southern Province,Kamonyi,RW28,12.24,low,interpolated,False,13.46,1176.6,1,1,189.5,116.1,460.0,116.69,0.89,467.6,116.87,0.97,19.4,20.37,-0.13,18.96,-0.26,19.48,0.2,,,,,,,,,,,,,,,,,,,,,,,,,,,,,,,,,,,,,,,,,,,,,,,,
2007,Western Province,Karongi,RW31,33.34,high,interpolated,False,39.87,1372.3,0,0,185.2,113.29,497.5,117.64,1.01,524.0,106.92,0.51,18.3,18.86,-0.23,18.21,-0.39,18.19,-0.18,,,,,,,,,,,,,,,,,,,,,,,,,,,,,,,,,,,,,,,,,,,,,,,,
2007,Western Province,Rutsiro,RW32,32.83,high,interpolated,False,36.03,1360.5,0,0,186.9,112.24,488.3,114.65,0.77,508.9,105.06,0.47,18.29,18.74,-0.18,18.31,-0.33,18.11,-0.15,,,,,,,,,,,,,,,,,,,,,,,,,,,,,,,,,,,,,,,,,,,,,,,,
2007,Western Province,Rubavu,RW33,10.67,low,interpolated,False,8.93,1307.9,0,0,178.1,109.16,440.8,108.38,0.47,483.2,97.46,-0.02,16.89,17.52,-0.18,16.96,-0.31,16.72,-0.15,,,,,,,,,,,,,,,,,,,,,,,,,,,,,,,,,,,,,,,,,,,,,,,,
2007,Western Province,Nyabihu,RW34,25.19,medium,interpolated,False,22.55,1413.6,0,0,200.1,108.44,510.2,108.41,0.52,517.6,96.75,-0.01,15.35,15.82,-0.21,15.34,-0.3,15.22,-0.15,,,,,,,,,,,,,,,,,,,,,,,,,,,,,,,,,,,,,,,,,,,,,,,,
2007,Western Province,Ngororero,RW35,35.23,high,interpolated,False,38.73,1328.4,1,0,190.2,109.7,498.6,111.02,0.6,496.4,102.2,0.23,16.78,17.34,-0.21,16.59,-0.36,16.64,-0.09,,,,,,,,,,,,,,,,,,,,,,,,,,,,,,,,,,,,,,,,,,,,,,,,
2007,Western Province,Rusizi,RW36,29.07,medium,interpolated,False,31.93,1486.3,0,0,197.8,103.35,533.3,112.13,0.67,553.8,92.73,-0.67,18.92,20.16,-0.25,18.7,-0.33,19.2,-0.09,,,,,,,,,,,,,,,,,,,,,,,,,,,,,,,,,,,,,,,,,,,,,,,,
2007,Western Province,Nyamasheke,RW37,34.24,high,interpolated,False,36.62,1519.9,0,0,191.9,106.92,553.3,116.73,0.93,579.1,96.79,-0.39,18.2,18.97,-0.25,18.13,-0.35,18.28,-0.16,,,,,,,,,,,,,,,,,,,,,,,,,,,,,,,,,,,,,,,,,,,,,,,,
2007,Northern Province,Rulindo,RW41,16.29,medium,interpolated,False,19.0,1322.3,1,2,214.6,117.89,517.1,117.44,1.23,518.4,116.91,1.07,17.87,18.58,-0.2,17.57,-0.33,17.88,0.01,,,,,,,,,,,,,,,,,,,,,,,,,,,,,,,,,,,,,,,,,,,,,,,,
2007,Northern Province,Gakenke,RW42,19.8,medium,interpolated,False,22.78,1284.3,1,1,201.0,111.19,505.9,115.32,0.97,468.5,101.85,0.14,18.49,19.15,-0.21,18.12,-0.35,18.4,-0.02,,,,,,,,,,,,,,,,,,,,,,,,,,,,,,,,,,,,,,,,,,,,,,,,
2007,Northern Province,Musanze,RW43,26.43,medium,interpolated,False,31.43,1486.9,0,0,210.4,108.52,534.0,110.38,0.83,541.2,94.4,-0.15,15.82,16.34,-0.24,15.78,-0.32,15.7,-0.18,,,,,,,,,,,,,,,,,,,,,,,,,,,,,,,,,,,,,,,,,,,,,,,,
2007,Northern Province,Burera,RW44,36.43,high,interpolated,False,44.85,1311.0,0,0,202.7,111.49,492.8,115.68,1.34,485.9,98.7,0.05,16.84,17.35,-0.28,16.68,-0.35,16.76,-0.17,,,,,,,,,,,,,,,,,,,,,,,,,,,,,,,,,,,,,,,,,,,,,,,,
2007,Northern Province,Gicumbi,RW45,25.55,medium,interpolated,False,32.18,1304.1,0,1,216.5,117.87,503.5,116.23,1.29,507.8,113.47,1.0,17.91,18.61,-0.25,17.65,-0.35,17.92,-0.04,,,,,,,,,,,,,,,,,,,,,,,,,,,,,,,,,,,,,,,,,,,,,,,,
2007,Eastern Province,Rwamagana,RW51,8.99,low,interpolated,False,9.93,1186.2,1,3,236.1,123.04,489.2,124.83,1.67,489.8,125.98,1.56,20.74,21.87,-0.22,20.22,-0.39,20.87,0.13,,,,,,,,,,,,,,,,,,,,,,,,,,,,,,,,,,,,,,,,,,,,,,,,
2007,Eastern Province,Nyagatare,RW52,17.71,medium,interpolated,False,23.22,1068.2,0,1,169.4,115.92,387.9,113.29,1.19,450.7,113.04,1.2,20.64,21.41,-0.12,20.36,-0.25,20.49,0.16,,,,,,,,,,,,,,,,,,,,,,,,,,,,,,,,,,,,,,,,,,,,,,,,
2007,Eastern Province,Gatsibo,RW53,17.52,medium,interpolated,False,21.25,1180.2,0,2,199.3,118.0,445.6,116.19,1.32,490.7,119.25,1.38,20.51,21.48,-0.21,20.17,-0.34,20.51,0.09,,,,,,,,,,,,,,,,,,,,,,,,,,,,,,,,,,,,,,,,,,,,,,,,
2007,Eastern Province,Kayonza,RW54,13.67,low,interpolated,False,15.18,1115.9,0,2,192.4,117.72,421.3,110.23,0.91,493.0,128.62,1.89,21.13,22.25,-0.21,20.69,-0.41,21.16,0.12,,,,,,,,,,,,,,,,,,,,,,,,,,,,,,,,,,,,,,,,,,,,,,,,
2007,Eastern Province,Kirehe,RW55,20.39,medium,interpolated,False,21.18,1138.1,1,2,221.8,118.5,419.3,106.64,0.66,514.6,134.08,2.28,21.05,22.46,-0.23,20.53,-0.46,21.18,0.11,,,,,,,,,,,,,,,,,,,,,,,,,,,,,,,,,,,,,,,,,,,,,,,,
2007,Eastern Province,Ngoma,RW56,20.67,medium,interpolated,False,26.96,1199.2,1,2,210.8,118.96,467.0,116.9,1.22,506.2,123.77,1.62,21.12,22.48,-0.23,20.58,-0.4,21.3,0.11,,,,,,,,,,,,,,,,,,,,,,,,,,,,,,,,,,,,,,,,,,,,,,,,
2007,Eastern Province,Bugesera,RW57,25.39,medium,interpolated,False,28.83,1158.7,0,2,211.5,124.16,440.6,121.31,1.34,494.7,131.32,1.87,21.08,22.33,-0.19,20.54,-0.32,21.24,0.16,,,,,,,,,,,,,,,,,,,,,,,,,,,,,,,,,,,,,,,,,,,,,,,,
2008,Kigali City,Nyarugenge,RW11,2.46,low,backfilled,False,,1108.5,0,1,277.0,107.84,548.5,137.74,1.95,348.0,85.9,-0.7,19.86,20.79,-0.29,19.87,0.05,19.53,-0.36,,,,,,,,,,,,,,,,,,,,,,,,,,,,,,,,,,,,,,,,,,,,,,,,
2008,Kigali City,Gasabo,RW12,18.83,medium,interpolated,False,23.71,1098.7,0,1,277.7,108.22,542.9,136.0,2.28,360.3,88.27,-0.52,19.68,20.38,-0.29,19.77,0.09,19.41,-0.34,,,,,,,,,,,,,,,,,,,,,,,,,,,,,,,,,,,,,,,,,,,,,,,,
2008,Kigali City,Kicukiro,RW13,6.62,low,interpolated,False,7.61,1096.5,0,1,267.0,111.66,528.1,138.32,2.14,362.4,92.19,-0.33,20.5,21.4,-0.29,20.53,0.09,20.18,-0.36,,,,,,,,,,,,,,,,,,,,,,,,,,,,,,,,,,,,,,,,,,,,,,,,
2008,Southern Province,Nyanza,RW21,17.61,medium,interpolated,False,31.56,1097.0,0,1,222.3,102.1,494.5,119.59,1.08,374.1,88.29,-0.58,19.44,20.12,-0.26,19.57,0.18,19.18,-0.42,,,,,,,,,,,,,,,,,,,,,,,,,,,,,,,,,,,,,,,,,,,,,,,,
2008,Southern Province,Gisagara,RW22,19.63,medium,interpolated,False,35.49,1176.2,0,1,200.7,101.11,471.6,108.44,0.39,435.6,93.1,-0.29,19.96,20.95,-0.22,19.98,0.23,19.81,-0.37,,,,,,,,,,,,,,,,,,,,,,,,,,,,,,,,,,,,,,,,,,,,,,,,
2008,Southern Province,Nyaruguru,RW23,31.33,high,interpolated,False,50.89,1315.4,1,0,221.7,93.71,495.6,98.18,-0.22,491.2,87.5,-0.79,17.42,18.09,-0.25,17.7,0.2,17.34,-0.31,,,,,,,,,,,,,,,,,,,,,,,,,,,,,,,,,,,,,,,,,,,,,,,,
2008,Southern Province,Huye,RW24,18.54,medium,interpolated,False,24.06,1186.1,0,1,215.6,100.9,508.3,111.89,0.62,403.5,90.09,-0.5,18.44,19.17,-0.25,18.61,0.2,18.26,-0.42,,,,,,,,,,,,,,,,,,,,,,,,,,,,,,,,,,,,,,,,,,,,,,,,
2008,Southern Province,Nyamagabe,RW25,33.23,high,interpolated,False,43.08,1285.9,0,0,197.4,95.24,495.3,101.58,-0.04,469.1,87.65,-0.89,16.77,17.31,-0.32,17.11,0.11,16.69,-0.39,,,,,,,,,,,,,,,,,,,,,,,,,,,,,,,,,,,,,,,,,,,,,,,,
2008,Southern Province,Ruhango,RW26,18.44,medium,interpolated,False,19.34,1058.2,0,1,234.1,101.86,507.2,127.31,1.54,340.7,83.42,-0.83,19.24,19.92,-0.25,19.36,0.12,18.92,-0.38,,,,,,,,,,,,,,,,,,,,,,,,,,,,,,,,,,,,,,,,,,,,,,,,
2008,Southern Province,Muhanga,RW27,24.59,medium,interpolated,False,18.53,1116.2,0,1,254.4,99.93,527.8,125.13,1.43,367.2,82.78,-1.03,19.04,19.94,-0.24,19.16,0.12,18.68,-0.3,,,,,,,,,,,,,,,,,,,,,,,,,,,,,,,,,,,,,,,,,,,,,,,,
2008,Southern Province,Kamonyi,RW28,11.01,low,interpolated,False,13.46,1058.4,1,1,266.5,104.44,532.3,135.03,1.92,330.5,82.6,-0.9,19.26,20.2,-0.26,19.26,0.04,18.93,-0.35,,,,,,,,,,,,,,,,,,,,,,,,,,,,,,,,,,,,,,,,,,,,,,,,
2008,Western Province,Karongi,RW31,26.82,medium,interpolated,False,39.87,1156.7,0,0,173.5,95.49,434.5,102.74,0.05,444.1,90.61,-0.67,18.27,18.78,-0.26,18.69,0.09,18.07,-0.3,,,,,,,,,,,,,,,,,,,,,,,,,,,,,,,,,,,,,,,,,,,,,,,,
2008,Western Province,Rutsiro,RW32,29.64,medium,interpolated,False,36.03,1158.8,0,1,188.9,95.6,447.6,105.1,0.19,426.6,88.07,-0.88,18.28,18.87,-0.19,18.77,0.13,18.04,-0.22,,,,,,,,,,,,,,,,,,,,,,,,,,,,,,,,,,,,,,,,,,,,,,,,
2008,Western Province,Rubavu,RW33,12.41,low,interpolated,False,8.93,1174.0,0,1,203.8,97.99,442.4,108.78,0.5,455.7,91.91,-0.6,16.88,17.53,-0.2,17.38,0.11,16.67,-0.2,,,,,,,,,,,,,,,,,,,,,,,,,,,,,,,,,,,,,,,,,,,,,,,,
2008,Western Province,Nyabihu,RW34,27.83,medium,interpolated,False,22.55,1286.0,0,1,256.1,98.65,529.1,112.43,0.78,474.2,88.64,-0.81,15.31,15.73,-0.24,15.67,0.02,15.16,-0.22,,,,,,,,,,,,,,,,,,,,,,,,,,,,,,,,,,,,,,,,,,,,,,,,
2008,Western Province,Ngororero,RW35,31.74,high,interpolated,False,38.73,1196.5,0,1,254.8,98.81,526.6,117.26,0.99,418.3,86.12,-0.99,16.74,17.17,-0.24,17.01,0.06,16.49,-0.25,,,,,,,,,,,,,,,,,,,,,,,,,,,,,,,,,,,,,,,,,,,,,,,,
2008,Western Province,Rusizi,RW36,26.21,medium,interpolated,False,31.93,1276.3,0,0,163.0,88.75,393.0,82.63,-1.41,542.2,90.79,-0.82,19.0,19.72,-0.18,19.25,0.21,19.12,-0.17,,,,,,,,,,,,,,,,,,,,,,,,,,,,,,,,,,,,,,,,,,,,,,,,
2008,Western Province,Nyamasheke,RW37,31.87,high,interpolated,False,36.62,1303.2,0,0,164.8,91.68,402.5,84.92,-1.22,546.8,91.39,-0.83,18.17,18.66,-0.28,18.56,0.08,18.17,-0.27,,,,,,,,,,,,,,,,,,,,,,,,,,,,,,,,,,,,,,,,,,,,,,,,
2008,Northern Province,Rulindo,RW41,13.59,low,interpolated,False,19.0,1131.8,0,1,245.9,100.91,522.1,118.58,1.31,384.4,86.69,-0.81,17.78,18.26,-0.28,17.95,0.05,17.56,-0.31,,,,,,,,,,,,,,,,,,,,,,,,,,,,,,,,,,,,,,,,,,,,,,,,
2008,Northern Province,Gakenke,RW42,16.81,medium,interpolated,False,22.78,1147.9,0,1,244.8,99.39,515.0,117.39,1.1,385.8,83.87,-1.15,18.45,19.15,-0.25,18.57,0.11,18.18,-0.24,,,,,,,,,,,,,,,,,,,,,,,,,,,,,,,,,,,,,,,,,,,,,,,,
2008,Northern Province,Musanze,RW43,21.43,medium,interpolated,False,31.43,1356.9,0,1,255.2,99.04,541.6,111.95,0.95,506.9,88.42,-0.72,15.77,16.21,-0.29,16.12,0.01,15.62,-0.27,,,,,,,,,,,,,,,,,,,,,,,,,,,,,,,,,,,,,,,,,,,,,,,,
2008,Northern Province,Burera,RW44,28.01,medium,interpolated,False,44.85,1163.3,0,1,208.3,98.93,461.1,108.24,0.74,436.4,88.65,-0.8,16.8,17.32,-0.32,17.07,0.04,16.63,-0.3,,,,,,,,,,,,,,,,,,,,,,,,,,,,,,,,,,,,,,,,,,,,,,,,
2008,Northern Province,Gicumbi,RW45,18.91,medium,interpolated,False,32.18,1121.7,0,1,219.4,101.38,491.2,113.39,1.08,399.7,89.32,-0.57,17.85,18.47,-0.3,18.11,0.1,17.65,-0.32,,,,,,,,,,,,,,,,,,,,,,,,,,,,,,,,,,,,,,,,,,,,,,,,
2008,Eastern Province,Rwamagana,RW51,8.05,low,interpolated,False,9.93,1023.2,1,1,223.5,106.13,475.4,121.31,1.44,356.5,91.69,-0.33,20.7,21.41,-0.26,20.82,0.21,20.42,-0.32,,,,,,,,,,,,,,,,,,,,,,,,,,,,,,,,,,,,,,,,,,,,,,,,
2008,Eastern Province,Nyagatare,RW52,12.19,low,interpolated,False,23.22,893.8,0,0,137.4,96.99,354.2,103.45,0.49,365.9,91.77,-0.36,20.57,21.61,-0.19,21.05,0.44,20.02,-0.31,,,,,,,,,,,,,,,,,,,,,,,,,,,,,,,,,,,,,,,,,,,,,,,,
2008,Eastern Province,Gatsibo,RW53,13.79,low,interpolated,False,21.25,1020.7,0,1,170.2,102.05,430.8,112.33,1.06,375.6,91.28,-0.35,20.48,21.24,-0.24,20.79,0.27,20.12,-0.3,,,,,,,,,,,,,,,,,,,,,,,,,,,,,,,,,,,,,,,,,,,,,,,,
2008,Eastern Province,Kayonza,RW54,12.17,low,interpolated,False,15.18,975.2,0,1,182.8,102.88,437.3,114.42,1.19,343.2,89.54,-0.44,21.13,21.83,-0.21,21.48,0.37,20.78,-0.26,,,,,,,,,,,,,,,,,,,,,,,,,,,,,,,,,,,,,,,,,,,,,,,,
2008,Eastern Province,Kirehe,RW55,19.6,medium,interpolated,False,21.18,930.5,0,0,155.5,96.89,391.0,99.44,0.15,337.1,87.83,-0.54,21.07,21.68,-0.21,21.39,0.4,20.82,-0.24,,,,,,,,,,,,,,,,,,,,,,,,,,,,,,,,,,,,,,,,,,,,,,,,
2008,Eastern Province,Ngoma,RW56,14.37,low,interpolated,False,26.96,966.5,1,0,146.8,95.87,392.6,98.27,-0.04,364.6,89.14,-0.49,21.12,21.81,-0.24,21.28,0.31,20.9,-0.29,,,,,,,,,,,,,,,,,,,,,,,,,,,,,,,,,,,,,,,,,,,,,,,,
2008,Eastern Province,Bugesera,RW57,21.94,medium,interpolated,False,28.83,951.0,0,1,184.5,101.91,439.8,121.09,1.32,328.7,87.26,-0.6,20.99,21.82,-0.27,21.05,0.19,20.71,-0.38,,,,,,,,,,,,,,,,,,,,,,,,,,,,,,,,,,,,,,,,,,,,,,,,
2009,Kigali City,Nyarugenge,RW11,2.46,low,backfilled,False,,937.0,1,0,192.0,91.16,281.5,70.69,-1.68,307.5,75.91,-1.22,19.89,21.01,-0.26,19.34,-0.48,20.07,0.18,309.36,,district,259.62,,200.55,,114.34,,249.55,,,,,,,,,,,,,,,,,,,,,,,,,,,,,,,,,,,,,,
2009,Kigali City,Gasabo,RW12,16.39,medium,interpolated,False,23.71,938.1,0,0,180.6,92.41,309.7,77.58,-1.29,311.4,76.29,-1.16,19.68,20.73,-0.29,19.19,-0.49,19.88,0.13,328.84,,province,266.51,,200.7,,117.95,,267.08,,,,,,,,,,,,,,,,,,,,,,,,,,,,,,,,,,,,,,
2009,Kigali City,Kicukiro,RW13,6.12,low,interpolated,False,7.61,910.5,1,0,170.0,92.72,279.3,73.15,-1.5,312.6,79.52,-0.97,20.54,21.67,-0.25,19.98,-0.46,20.72,0.17,341.18,,district,279.17,,201.74,,119.62,,283.54,,,,,,,,,,,,,,,,,,,,,,,,,,,,,,,,,,,,,,
2009,Southern Province,Nyanza,RW21,10.63,low,fcs_proxy_survey,True,31.56,922.8,1,0,143.1,85.89,302.9,73.25,-1.76,302.3,71.35,-1.55,19.51,21.15,-0.19,18.85,-0.54,19.88,0.28,337.01,,district,250.25,,203.19,,132.95,,258.06,,,,,,,,,,,,,,,,,,,,,,,,,,,,,,,,,,,,,,
2009,Southern Province,Gisagara,RW22,11.7,low,fcs_proxy_survey,True,35.49,1019.8,0,0,154.0,87.66,344.5,79.21,-1.23,348.3,74.44,-1.47,20.06,22.12,-0.12,19.27,-0.48,20.53,0.36,326.29,,district,209.84,,197.5,,117.17,,241.01,,,,,,,,,,,,,,,,,,,,,,,,,,,,,,,,,,,,,,
2009,Southern Province,Nyaruguru,RW23,21.55,medium,fcs_proxy_survey,True,50.89,1230.6,0,0,180.0,87.67,377.6,74.8,-1.61,430.2,76.63,-1.54,17.46,19.06,-0.21,17.01,-0.48,17.9,0.25,323.54,,province,237.67,,202.53,,127.78,,243.28,,,,,,,,,,,,,,,,,,,,,,,,,,,,,,,,,,,,,,
2009,Southern Province,Huye,RW24,15.78,medium,fcs_proxy_survey,True,24.06,1013.0,0,0,151.8,86.18,333.4,73.39,-1.59,322.3,71.96,-1.64,18.51,20.32,-0.18,17.88,-0.52,18.98,0.29,308.61,,district,241.12,,204.18,,135.69,,242.26,,,,,,,,,,,,,,,,,,,,,,,,,,,,,,,,,,,,,,
2009,Southern Province,Nyamagabe,RW25,28.3,medium,fcs_proxy_survey,True,43.08,1160.5,0,0,164.7,85.96,345.4,70.84,-2.02,400.6,74.85,-1.84,16.79,18.2,-0.29,16.43,-0.58,17.21,0.13,339.18,,district,230.24,,194.72,,121.27,,236.27,,,,,,,,,,,,,,,,,,,,,,,,,,,,,,,,,,,,,,
2009,Southern Province,Ruhango,RW26,17.99,medium,fcs_proxy_survey,True,19.34,885.7,2,0,148.0,85.25,268.6,67.42,-2.08,296.2,72.53,-1.46,19.27,20.67,-0.22,18.7,-0.53,19.55,0.25,323.54,,province,237.67,,202.53,,127.78,,243.28,,,,,,,,,,,,,,,,,,,,,,,,,,,,,,,,,,,,,,
2009,Southern Province,Muhanga,RW27,27.62,medium,fcs_proxy_survey,True,18.53,977.2,1,0,174.0,87.48,284.3,67.4,-2.02,323.6,72.95,-1.65,19.05,20.11,-0.23,18.58,-0.47,19.19,0.22,323.54,,province,237.67,,202.53,,127.78,,243.28,,,,,,,,,,,,,,,,,,,,,,,,,,,,,,,,,,,,,,
2009,Southern Province,Kamonyi,RW28,9.79,low,fcs_proxy_survey,True,13.46,896.9,1,0,173.2,88.5,280.6,71.18,-1.68,289.9,72.46,-1.45,19.29,20.5,-0.23,18.71,-0.51,19.5,0.22,323.54,,province,237.67,,202.53,,127.78,,243.28,,,,,,,,,,,,,,,,,,,,,,,,,,,,,,,,,,,,,,
2009,Western Province,Karongi,RW31,20.29,medium,fcs_proxy_survey,True,39.87,983.6,1,0,135.0,81.2,267.0,63.14,-2.51,354.3,72.29,-1.99,18.24,19.06,-0.29,18.07,-0.53,18.42,0.06,326.13,,province,206.11,,232.9,,115.35,,240.12,,,,,,,,,,,,,,,,,,,,,,,,,,,,,,,,,,,,,,
2009,Western Province,Rutsiro,RW32,26.44,medium,fcs_proxy_survey,True,36.03,1019.4,1,0,128.7,84.1,278.2,65.32,-2.21,367.9,75.95,-1.85,18.2,18.89,-0.27,18.14,-0.51,18.36,0.09,324.36,,district,213.08,,212.6,,106.49,,249.99,,,,,,,,,,,,,,,,,,,,,,,,,,,,,,,,,,,,,,
2009,Western Province,Rubavu,RW33,14.15,low,fcs_proxy_survey,True,8.93,1077.8,0,0,110.4,89.96,296.1,72.81,-1.69,415.4,83.78,-1.44,16.78,17.25,-0.3,16.76,-0.51,16.97,0.1,318.16,,district,210.76,,245.45,,102.01,,236.62,,,,,,,,,,,,,,,,,,,,,,,,,,,,,,,,,,,,,,
2009,Western Province,Nyabihu,RW34,30.47,high,fcs_proxy_survey,True,22.55,1181.2,0,0,133.2,90.61,357.3,75.92,-1.59,439.9,82.22,-1.45,15.23,15.82,-0.33,15.1,-0.55,15.42,0.04,332.62,,district,216.43,,246.46,,97.78,,251.28,,,,,,,,,,,,,,,,,,,,,,,,,,,,,,,,,,,,,,
2009,Western Province,Ngororero,RW35,28.24,medium,fcs_proxy_survey,True,38.73,1056.4,0,0,150.6,87.24,301.5,67.13,-2.17,366.3,75.42,-1.79,16.7,17.52,-0.28,16.42,-0.52,16.85,0.11,301.25,,district,201.46,,247.29,,93.33,,233.85,,,,,,,,,,,,,,,,,,,,,,,,,,,,,,,,,,,,,,
2009,Western Province,Rusizi,RW36,23.35,medium,fcs_proxy_survey,True,31.93,1292.3,0,0,161.8,89.86,369.2,77.63,-1.77,492.2,82.42,-1.43,18.97,20.54,-0.21,18.62,-0.42,19.52,0.23,346.67,,district,236.36,,226.93,,140.38,,248.75,,,,,,,,,,,,,,,,,,,,,,,,,,,,,,,,,,,,,,
2009,Western Province,Nyamasheke,RW37,29.49,medium,fcs_proxy_survey,True,36.62,1244.3,1,0,152.7,87.53,345.9,72.97,-2.02,469.1,78.41,-1.9,18.13,19.23,-0.32,17.97,-0.51,18.47,0.03,334.93,,district,176.54,,206.11,,139.71,,230.4,,,,,,,,,,,,,,,,,,,,,,,,,,,,,,,,,,,,,,
2009,Northern Province,Rulindo,RW41,10.88,low,fcs_proxy_survey,True,19.0,1037.9,0,0,179.5,92.54,363.3,82.51,-1.17,327.5,73.86,-1.61,17.76,18.67,-0.31,17.34,-0.56,17.99,0.12,303.54,,district,204.32,,229.27,,97.1,,235.17,,,,,,,,,,,,,,,,,,,,,,,,,,,,,,,,,,,,,,
2009,Northern Province,Gakenke,RW42,13.83,low,fcs_proxy_survey,True,22.78,1082.3,0,0,157.0,93.71,363.5,82.86,-1.15,358.3,77.89,-1.58,18.43,19.31,-0.27,17.99,-0.47,18.59,0.16,305.72,,district,211.17,,211.24,,109.2,,242.06,,,,,,,,,,,,,,,,,,,,,,,,,,,,,,,,,,,,,,
2009,Northern Province,Musanze,RW43,16.43,medium,fcs_proxy_survey,True,31.43,1267.9,0,0,159.6,92.54,394.8,81.6,-1.35,465.6,81.21,-1.41,15.7,16.32,-0.37,15.53,-0.57,15.91,0.02,310.82,,district,213.33,,264.34,,96.72,,244.32,,,,,,,,,,,,,,,,,,,,,,,,,,,,,,,,,,,,,,
2009,Northern Province,Burera,RW44,19.59,medium,fcs_proxy_survey,True,44.85,1115.5,0,0,146.5,94.86,369.6,86.76,-1.0,383.0,77.8,-1.72,16.78,17.55,-0.34,16.45,-0.59,17.01,0.07,291.76,,province,200.07,,224.76,,107.79,,231.3,,,,,,,,,,,,,,,,,,,,,,,,,,,,,,,,,,,,,,
2009,Northern Province,Gicumbi,RW45,12.28,low,fcs_proxy_survey,True,32.18,1045.4,0,0,167.7,94.49,356.9,82.39,-1.12,351.9,78.64,-1.26,17.8,18.71,-0.36,17.41,-0.59,18.05,0.08,265.69,,district,184.17,,215.08,,119.55,,214.63,,,,,,,,,,,,,,,,,,,,,,,,,,,,,,,,,,,,,,
2009,Eastern Province,Rwamagana,RW51,7.11,low,fcs_proxy_survey,True,9.93,918.4,1,0,152.0,95.26,308.4,78.69,-1.28,330.3,84.95,-0.7,20.74,21.85,-0.22,20.16,-0.45,20.87,0.13,279.58,,district,210.68,,205.62,,140.76,,230.07,,,,,,,,,,,,,,,,,,,,,,,,,,,,,,,,,,,,,,
2009,Eastern Province,Nyagatare,RW52,6.68,low,fcs_proxy_survey,True,23.22,932.1,1,0,150.8,101.15,282.9,82.62,-0.99,359.9,90.27,-0.47,20.42,21.24,-0.33,20.05,-0.56,20.4,0.07,291.32,,district,187.29,,206.6,,139.93,,226.39,,,,,,,,,,,,,,,,,,,,,,,,,,,,,,,,,,,,,,
2009,Eastern Province,Gatsibo,RW53,10.06,low,fcs_proxy_survey,True,21.25,993.8,0,0,160.8,99.36,316.8,82.61,-1.0,366.8,89.14,-0.49,20.42,21.37,-0.3,20.0,-0.52,20.48,0.06,258.11,,district,179.03,,188.65,,124.39,,211.35,,,,,,,,,,,,,,,,,,,,,,,,,,,,,,,,,,,,,,
2009,Eastern Province,Kayonza,RW54,10.66,low,fcs_proxy_survey,True,15.18,916.1,2,0,159.5,96.65,300.4,78.6,-1.16,355.9,92.85,-0.24,21.14,22.04,-0.2,20.69,-0.41,21.16,0.12,317.62,,district,148.93,,181.79,,109.82,,185.65,,,,,,,,,,,,,,,,,,,,,,,,,,,,,,,,,,,,,,
2009,Eastern Province,Kirehe,RW55,18.81,medium,fcs_proxy_survey,True,21.18,886.6,3,1,149.9,92.32,278.9,70.93,-1.86,359.1,93.56,-0.19,21.09,22.24,-0.19,20.59,-0.41,21.18,0.11,272.6,,district,196.81,,212.29,,124.41,,232.65,,,,,,,,,,,,,,,,,,,,,,,,,,,,,,,,,,,,,,
2009,Eastern Province,Ngoma,RW56,8.08,low,fcs_proxy_survey,True,26.96,971.6,1,0,143.3,96.38,304.8,76.3,-1.53,378.4,92.52,-0.29,21.16,22.43,-0.19,20.55,-0.43,21.35,0.16,287.67,,district,168.08,,185.76,,137.57,,235.76,,,,,,,,,,,,,,,,,,,,,,,,,,,,,,,,,,,,,,
2009,Eastern Province,Bugesera,RW57,18.5,medium,fcs_proxy_survey,True,28.83,843.2,1,0,141.0,90.36,267.3,73.6,-1.69,300.6,79.8,-1.01,21.07,22.51,-0.19,20.41,-0.46,21.32,0.23,273.56,,district,167.25,,170.83,,140.23,,235.11,,,,,,,,,,,,,,,,,,,,,,,,,,,,,,,,,,,,,,
2010,Kigali City,Nyarugenge,RW11,2.46,low,backfilled,False,,1170.0,1,1,231.0,113.82,481.0,120.79,1.03,330.0,81.46,-0.93,20.17,21.79,0.03,19.59,-0.23,19.89,-0.01,260.21,-15.89,district,231.82,-10.71,227.09,13.23,126.2,10.37,224.87,-9.89,,,,,,,,,,,,,,,,,,,,,,,,,,,,,,,,,,,,,
2010,Kigali City,Gasabo,RW12,13.95,low,interpolated,False,23.71,1080.3,1,1,207.1,106.41,432.0,108.22,0.58,325.5,79.74,-0.98,20.01,21.52,0.04,19.49,-0.19,19.76,0.01,285.74,-13.1,province,267.76,0.47,233.14,16.16,129.43,9.74,249.25,-6.68,,,,,,,,,,,,,,,,,,,,,,,,,,,,,,,,,,,,,
2010,Kigali City,Kicukiro,RW13,5.62,low,interpolated,False,7.61,1063.1,1,1,197.3,108.26,431.4,112.99,0.73,309.7,78.78,-1.01,20.81,22.52,0.02,20.21,-0.22,20.56,0.02,311.28,-8.76,district,303.7,8.79,239.18,18.56,132.66,10.91,273.63,-3.5,,,,,,,,,,,,,,,,,,,,,,,,,,,,,,,,,,,,,
2010,Southern Province,Nyanza,RW21,13.83,low,interpolated,False,10.63,1207.2,0,0,216.7,112.36,395.7,95.7,-0.38,441.8,104.27,0.33,19.74,21.17,0.04,19.18,-0.22,19.64,0.04,287.01,-14.84,district,268.67,13.04,238.42,17.34,142.85,7.44,252.19,-2.27,,,,,,,,,,,,,,,,,,,,,,,,,,,,,,,,,,,,,
2010,Southern Province,Gisagara,RW22,12.57,low,interpolated,False,11.7,1317.0,0,0,233.5,113.21,391.6,90.04,-0.63,520.1,111.16,0.85,20.2,21.84,0.01,19.55,-0.19,20.18,0.01,288.49,-11.58,district,230.36,9.78,244.77,23.93,119.38,1.88,259.02,7.47,,,,,,,,,,,,,,,,,,,,,,,,,,,,,,,,,,,,,
2010,Southern Province,Nyaruguru,RW23,20.39,medium,interpolated,False,21.55,1437.9,0,0,247.0,102.44,420.0,83.2,-1.11,564.3,100.52,0.11,17.78,18.86,0.11,17.4,-0.09,17.69,0.04,296.52,-8.35,province,268.67,13.04,229.77,13.45,140.26,9.76,250.65,3.03,,,,,,,,,,,,,,,,,,,,,,,,,,,,,,,,,,,,,
2010,Southern Province,Huye,RW24,12.9,low,interpolated,False,15.78,1291.3,0,0,229.9,109.85,387.4,85.27,-0.91,497.7,111.12,0.83,18.73,20.1,0.04,18.21,-0.2,18.69,0.01,282.47,-8.47,district,263.65,9.34,241.13,18.1,154.17,13.62,242.03,-0.09,,,,,,,,,,,,,,,,,,,,,,,,,,,,,,,,,,,,,
2010,Southern Province,Nyamagabe,RW25,27.54,medium,interpolated,False,28.3,1463.6,0,0,249.0,108.41,418.4,85.81,-1.05,603.1,112.69,0.97,17.13,18.11,0.04,16.81,-0.19,17.1,0.01,315.02,-7.12,district,304.74,32.36,194.4,-0.17,136.0,12.15,257.76,9.1,,,,,,,,,,,,,,,,,,,,,,,,,,,,,,,,,,,,,
2010,Southern Province,Ruhango,RW26,18.37,medium,interpolated,False,17.99,1185.1,0,0,208.0,114.07,429.7,107.86,0.37,403.6,98.82,0.05,19.57,21.02,0.08,19.04,-0.2,19.36,0.06,296.52,-8.35,province,268.67,13.04,229.77,13.45,140.26,9.76,250.65,3.03,,,,,,,,,,,,,,,,,,,,,,,,,,,,,,,,,,,,,
2010,Southern Province,Muhanga,RW27,25.45,medium,interpolated,False,27.62,1290.9,0,1,249.5,115.57,495.7,117.52,0.98,404.9,91.28,-0.49,19.38,20.91,0.11,18.92,-0.13,18.98,0.01,296.52,-8.35,province,268.67,13.04,229.77,13.45,140.26,9.76,250.65,3.03,,,,,,,,,,,,,,,,,,,,,,,,,,,,,,,,,,,,,
2010,Southern Province,Kamonyi,RW28,10.57,low,interpolated,False,9.79,1190.3,1,1,223.5,117.46,499.1,126.61,1.45,339.8,84.93,-0.77,19.58,21.15,0.05,19.02,-0.2,19.28,0.0,300.79,,district,240.82,,251.51,,135.76,,248.03,,,,,,,,,,,,,,,,,,,,,,,,,,,,,,,,,,,,,,
2010,Western Province,Karongi,RW31,23.43,medium,interpolated,False,20.29,1325.9,0,1,205.2,109.46,376.1,88.93,-0.85,568.6,116.02,1.17,18.62,19.26,0.09,18.47,-0.13,18.41,0.04,292.91,-10.19,province,234.02,13.55,267.44,14.83,123.47,7.03,256.95,7.01,,,,,,,,,,,,,,,,,,,,,,,,,,,,,,,,,,,,,
2010,Western Province,Rutsiro,RW32,31.73,high,interpolated,False,26.44,1333.2,0,0,225.8,109.99,394.0,92.51,-0.57,535.0,110.45,0.89,18.58,19.17,0.1,18.56,-0.08,18.31,0.05,285.99,-11.83,district,224.93,5.56,243.21,14.39,110.06,3.35,258.68,3.48,,,,,,,,,,,,,,,,,,,,,,,,,,,,,,,,,,,,,
2010,Western Province,Rubavu,RW33,17.13,medium,interpolated,False,14.15,1285.9,0,0,216.6,107.33,360.3,88.59,-0.73,517.4,104.36,0.7,17.17,17.86,0.09,17.17,-0.1,16.95,0.08,286.42,-9.97,district,225.43,6.96,284.95,16.09,103.26,1.23,258.9,9.42,,,,,,,,,,,,,,,,,,,,,,,,,,,,,,,,,,,,,
2010,Western Province,Nyabihu,RW34,25.3,medium,interpolated,False,30.47,1392.1,0,0,254.4,106.79,426.6,90.65,-0.64,527.5,98.6,0.18,15.65,16.35,0.09,15.53,-0.12,15.42,0.04,294.63,-11.42,district,240.22,10.99,311.49,26.39,109.11,11.59,271.84,8.18,,,,,,,,,,,,,,,,,,,,,,,,,,,,,,,,,,,,,
2010,Western Province,Ngororero,RW35,30.59,high,interpolated,False,28.24,1355.4,0,0,249.2,111.93,458.6,102.12,0.03,492.5,101.4,0.17,17.1,18.21,0.12,16.85,-0.1,16.76,0.02,286.8,-4.8,district,229.27,13.81,297.54,20.32,104.29,11.73,261.67,11.89,,,,,,,,,,,,,,,,,,,,,,,,,,,,,,,,,,,,,
2010,Western Province,Rusizi,RW36,28.0,medium,interpolated,False,23.35,1481.6,0,0,226.6,103.02,426.3,89.63,-0.92,616.3,103.2,0.1,19.27,20.28,0.1,19.08,0.05,19.34,0.05,317.7,-8.36,district,282.08,19.34,263.05,15.91,146.15,4.11,255.98,2.91,,,,,,,,,,,,,,,,,,,,,,,,,,,,,,,,,,,,,
2010,Western Province,Nyamasheke,RW37,29.6,medium,interpolated,False,29.49,1487.5,0,0,216.4,104.64,416.8,87.93,-1.01,654.9,109.46,0.65,18.5,19.23,0.06,18.34,-0.14,18.48,0.04,292.41,-12.69,district,220.11,24.68,216.78,5.17,150.82,7.96,242.76,5.37,,,,,,,,,,,,,,,,,,,,,,,,,,,,,,,,,,,,,
2010,Northern Province,Rulindo,RW41,14.09,low,interpolated,False,10.88,1210.2,1,0,249.1,107.9,467.8,106.25,0.46,360.9,81.39,-1.14,18.12,19.24,0.05,17.76,-0.14,17.84,-0.03,278.86,-8.13,district,225.56,10.39,283.06,23.46,114.0,17.4,253.66,7.86,,,,,,,,,,,,,,,,,,,,,,,,,,,,,,,,,,,,,
2010,Northern Province,Gakenke,RW42,15.9,medium,interpolated,False,13.83,1290.2,1,0,262.7,111.71,474.2,108.09,0.5,401.9,87.37,-0.9,18.76,20.05,0.06,18.37,-0.09,18.39,-0.04,288.7,-5.57,district,237.34,12.39,273.29,29.37,122.4,12.09,230.49,-4.78,,,,,,,,,,,,,,,,,,,,,,,,,,,,,,,,,,,,,
2010,Northern Province,Musanze,RW43,14.34,low,interpolated,False,16.43,1471.2,0,0,280.4,107.38,428.9,88.65,-0.82,565.8,98.69,0.27,16.11,16.89,0.05,15.95,-0.15,15.88,-0.0,293.78,-5.48,district,235.4,10.34,314.53,18.99,116.37,20.32,262.21,7.32,,,,,,,,,,,,,,,,,,,,,,,,,,,,,,,,,,,,,
2010,Northern Province,Burera,RW44,20.08,medium,interpolated,False,19.59,1229.4,0,0,273.6,104.55,384.7,90.31,-0.71,415.3,84.36,-1.17,17.15,18.03,0.03,16.91,-0.12,16.91,-0.02,272.78,-6.5,province,221.48,10.7,283.96,26.34,127.12,17.93,230.91,-0.17,,,,,,,,,,,,,,,,,,,,,,,,,,,,,,,,,,,,,
2010,Northern Province,Gicumbi,RW45,12.0,low,interpolated,False,12.28,1117.1,1,0,231.9,100.97,405.9,93.7,-0.32,353.9,79.08,-1.23,18.22,19.28,0.06,17.89,-0.12,17.99,0.02,251.13,-5.48,district,202.56,9.99,281.49,30.87,142.6,19.28,205.58,-4.22,,,,,,,,,,,,,,,,,,,,,,,,,,,,,,,,,,,,,
2010,Eastern Province,Rwamagana,RW51,7.25,low,interpolated,False,7.11,1029.8,1,0,183.7,106.81,411.7,105.05,0.4,329.8,84.83,-0.71,21.05,22.75,0.09,20.5,-0.11,20.84,0.1,253.56,-9.31,district,240.76,14.28,233.47,13.54,149.88,6.47,233.19,1.36,,,,,,,,,,,,,,,,,,,,,,,,,,,,,,,,,,,,,
2010,Eastern Province,Nyagatare,RW52,5.23,low,interpolated,False,6.68,894.6,1,0,161.6,97.08,304.7,88.99,-0.53,327.6,82.17,-1.07,20.87,22.07,0.11,20.61,0.0,20.43,0.1,275.34,-5.49,district,190.7,1.82,283.24,37.1,161.79,15.62,205.33,-9.3,,,,,,,,,,,,,,,,,,,,,,,,,,,,,,,,,,,,,
2010,Eastern Province,Gatsibo,RW53,13.96,low,interpolated,False,10.06,1012.8,1,0,187.8,101.26,379.5,98.96,0.13,336.9,81.87,-0.94,20.85,22.26,0.13,20.52,0.0,20.55,0.13,246.69,-4.42,district,202.42,13.07,262.87,39.35,146.16,17.5,200.47,-5.15,,,,,,,,,,,,,,,,,,,,,,,,,,,,,,,,,,,,,
2010,Eastern Province,Kayonza,RW54,9.92,low,interpolated,False,10.66,1003.8,1,0,168.6,105.9,401.3,105.0,0.57,337.4,88.03,-0.53,21.46,22.94,0.13,21.11,0.01,21.2,0.16,254.93,-8.43,province,199.99,7.8,245.5,26.02,154.66,17.01,213.16,-5.53,,,,,,,,,,,,,,,,,,,,,,,,,,,,,,,,,,,,,
2010,Eastern Province,Kirehe,RW55,16.03,medium,interpolated,False,18.81,1072.9,1,0,190.6,111.71,439.9,111.88,1.02,346.4,90.26,-0.39,21.39,22.84,0.11,20.95,-0.05,21.22,0.15,221.91,-18.6,district,170.74,-13.24,242.76,14.35,157.08,26.26,210.38,-9.57,,,,,,,,,,,,,,,,,,,,,,,,,,,,,,,,,,,,,
2010,Eastern Province,Ngoma,RW56,8.78,low,interpolated,False,8.08,1087.8,1,0,176.9,107.91,423.5,106.01,0.48,354.6,86.7,-0.64,21.43,23.06,0.07,20.87,-0.1,21.28,0.09,272.34,-5.33,district,194.07,15.46,242.22,30.39,156.54,13.79,216.1,-8.34,,,,,,,,,,,,,,,,,,,,,,,,,,,,,,,,,,,,,
2010,Eastern Province,Bugesera,RW57,19.09,medium,interpolated,False,18.5,1033.4,1,0,186.2,110.74,387.1,106.58,0.4,326.2,86.59,-0.63,21.28,22.99,0.02,20.66,-0.21,21.14,0.05,259.75,-5.05,district,201.23,20.31,208.43,22.01,156.54,11.63,213.47,-9.21,,,,,,,,,,,,,,,,,,,,,,,,,,,,,,,,,,,,,
2011,Kigali City,Nyarugenge,RW11,2.46,low,backfilled,False,,1004.5,0,0,156.0,97.72,379.0,95.18,-0.35,397.0,98.0,-0.07,20.27,22.48,0.12,20.14,0.32,19.72,-0.18,283.61,8.99,district,168.73,-27.22,199.57,-12.12,140.46,11.3,205.17,-8.76,,,,,,,,,,,,,,,,,,,,,,,,,,,,,,,,,,,,,
2011,Kigali City,Gasabo,RW12,11.51,low,interpolated,False,23.71,1002.2,0,0,154.6,98.72,365.4,91.53,-0.44,405.9,99.44,0.07,20.11,22.16,0.14,20.03,0.35,19.6,-0.15,294.89,3.2,province,184.9,-30.95,198.52,-14.85,140.14,8.27,230.55,-7.5,,,,,,,,,,,,,,,,,,,,,,,,,,,,,,,,,,,,,
2011,Kigali City,Kicukiro,RW13,5.13,low,interpolated,False,7.61,985.2,0,0,145.3,100.33,370.0,96.91,-0.17,394.4,100.33,0.07,20.88,23.1,0.09,20.73,0.3,20.35,-0.2,309.52,-0.57,district,202.12,-33.45,196.48,-17.85,140.73,6.08,255.85,-6.5,,,,,,,,,,,,,,,,,,,,,,,,,,,,,,,,,,,,,
2011,Southern Province,Nyanza,RW21,17.04,medium,interpolated,False,10.63,1029.6,0,0,147.6,95.83,405.1,97.97,-0.24,414.9,97.92,-0.03,19.84,21.81,0.14,19.71,0.32,19.49,-0.11,343.45,19.66,district,212.44,,227.34,-4.65,140.4,-1.72,212.54,-15.72,,,,,,,,,,,,,,,,,,,,,,,,,,,,,,,,,,,,,
2011,Southern Province,Gisagara,RW22,13.45,low,interpolated,False,11.7,1107.5,0,0,179.0,95.2,455.1,104.64,0.18,437.5,93.5,-0.27,20.31,22.44,0.13,19.99,0.25,20.11,-0.07,300.1,4.02,district,184.22,-20.03,231.18,-5.55,125.58,5.2,242.25,-6.47,,,,,,,,,,,,,,,,,,,,,,,,,,,,,,,,,,,,,
2011,Southern Province,Nyaruguru,RW23,19.22,medium,interpolated,False,21.55,1350.7,0,0,240.0,96.22,530.1,105.01,0.19,535.1,95.32,-0.25,17.93,19.62,0.26,17.91,0.41,17.71,0.06,312.5,5.39,province,215.54,-19.77,223.32,-2.81,142.24,1.42,224.24,-10.54,,,,,,,,,,,,,,,,,,,,,,,,,,,,,,,,,,,,,
2011,Southern Province,Huye,RW24,10.03,low,interpolated,False,15.78,1115.3,0,0,179.1,94.88,460.3,101.32,0.01,421.5,94.11,-0.24,18.84,20.73,0.15,18.73,0.32,18.6,-0.08,300.82,6.5,district,207.79,-21.19,213.78,-11.34,157.11,1.9,225.63,-6.77,,,,,,,,,,,,,,,,,,,,,,,,,,,,,,,,,,,,,
2011,Southern Province,Nyamagabe,RW25,26.79,medium,interpolated,False,28.3,1289.9,0,0,192.9,95.54,483.0,99.06,-0.2,512.1,95.68,-0.29,17.28,18.85,0.19,17.43,0.42,17.06,-0.02,303.48,-3.66,district,228.1,-25.15,235.35,21.07,139.63,2.67,222.1,-13.84,,,,,,,,,,,,,,,,,,,,,,,,,,,,,,,,,,,,,
2011,Southern Province,Ruhango,RW26,18.75,medium,interpolated,False,17.99,1013.8,0,0,144.6,97.58,387.9,97.36,-0.27,409.1,100.17,0.13,19.65,21.64,0.16,19.58,0.35,19.2,-0.1,312.5,5.39,province,215.54,-19.77,223.32,-2.81,142.24,1.42,224.24,-10.54,,,,,,,,,,,,,,,,,,,,,,,,,,,,,,,,,,,,,
2011,Southern Province,Muhanga,RW27,23.28,medium,interpolated,False,27.62,1120.4,0,0,163.4,100.3,407.7,96.66,-0.27,458.6,103.38,0.28,19.54,21.59,0.26,19.47,0.42,18.96,-0.01,312.5,5.39,province,215.54,-19.77,223.32,-2.81,142.24,1.42,224.24,-10.54,,,,,,,,,,,,,,,,,,,,,,,,,,,,,,,,,,,,,
2011,Southern Province,Kamonyi,RW28,11.35,low,interpolated,False,9.79,989.6,0,0,147.7,97.65,374.2,94.93,-0.34,395.8,98.93,-0.01,19.66,21.83,0.14,19.52,0.3,19.14,-0.14,327.57,8.9,district,226.89,-5.78,216.15,-14.06,136.75,0.73,218.78,-11.79,,,,,,,,,,,,,,,,,,,,,,,,,,,,,,,,,,,,,
2011,Western Province,Karongi,RW31,26.58,medium,interpolated,False,20.29,1211.4,0,0,150.6,100.01,424.4,100.35,-0.11,502.5,102.53,0.19,18.74,19.75,0.21,19.0,0.4,18.42,0.05,302.51,3.28,province,184.6,-21.12,247.74,-7.37,124.76,1.05,235.99,-8.16,,,,,,,,,,,,,,,,,,,,,,,,,,,,,,,,,,,,,
2011,Western Province,Rutsiro,RW32,37.03,high,interpolated,False,26.44,1280.6,0,0,185.2,105.65,472.2,110.87,0.54,508.8,105.04,0.46,18.7,19.43,0.22,19.08,0.44,18.35,0.09,307.25,7.44,district,169.1,-24.82,241.84,-0.56,113.94,3.53,248.69,-3.86,,,,,,,,,,,,,,,,,,,,,,,,,,,,,,,,,,,,,
2011,Western Province,Rubavu,RW33,20.11,medium,interpolated,False,14.15,1301.7,0,0,188.6,108.65,466.0,114.58,0.85,537.5,108.41,1.12,17.34,18.14,0.26,17.75,0.48,16.99,0.12,303.29,5.89,district,163.64,-27.41,267.26,-6.21,109.41,5.95,250.24,-3.35,,,,,,,,,,,,,,,,,,,,,,,,,,,,,,,,,,,,,
2011,Western Province,Nyabihu,RW34,20.12,medium,interpolated,False,30.47,1425.2,0,0,195.1,109.33,519.1,110.31,0.64,594.2,111.07,1.42,15.84,17.08,0.28,16.14,0.49,15.45,0.07,296.76,0.72,district,169.7,-29.35,285.03,-8.5,96.82,-11.27,255.6,-5.97,,,,,,,,,,,,,,,,,,,,,,,,,,,,,,,,,,,,,
2011,Western Province,Ngororero,RW35,32.93,high,interpolated,False,28.24,1276.3,0,0,182.3,105.4,474.6,105.68,0.26,514.5,105.93,0.51,17.28,18.85,0.29,17.43,0.48,16.8,0.06,270.78,-5.58,district,151.53,-33.91,287.44,-3.39,113.75,9.08,246.84,-5.67,,,,,,,,,,,,,,,,,,,,,,,,,,,,,,,,,,,,,
2011,Western Province,Rusizi,RW36,32.66,high,interpolated,False,23.35,1334.5,0,0,174.8,92.8,452.4,95.12,-0.53,550.8,92.23,-0.71,19.41,20.55,0.24,19.4,0.36,19.46,0.17,326.55,2.79,district,255.68,-9.36,227.99,-13.33,155.27,6.24,220.98,-13.67,,,,,,,,,,,,,,,,,,,,,,,,,,,,,,,,,,,,,
2011,Western Province,Nyamasheke,RW37,29.7,medium,interpolated,False,29.49,1334.1,0,0,169.1,93.85,445.8,94.05,-0.6,571.6,95.54,-0.49,18.64,19.77,0.19,18.87,0.39,18.51,0.07,296.72,1.47,district,200.98,-8.69,203.89,-5.94,142.7,-5.39,210.48,-13.3,,,,,,,,,,,,,,,,,,,,,,,,,,,,,,,,,,,,,
2011,Northern Province,Rulindo,RW41,17.29,medium,interpolated,False,10.88,1102.4,0,0,159.3,98.29,403.7,91.69,-0.54,446.0,100.59,0.06,18.27,20.03,0.2,18.29,0.39,17.81,-0.06,260.95,-6.42,district,157.89,-30.0,252.69,-10.73,108.0,-5.26,235.84,-7.02,,,,,,,,,,,,,,,,,,,,,,,,,,,,,,,,,,,,,
2011,Northern Province,Gakenke,RW42,17.97,medium,interpolated,False,13.83,1182.8,0,0,174.3,102.41,429.5,97.9,-0.17,492.8,107.13,0.52,18.99,20.95,0.28,18.89,0.42,18.47,0.05,261.15,-9.54,district,153.52,-35.31,253.12,-7.38,117.23,-4.23,228.58,-0.83,,,,,,,,,,,,,,,,,,,,,,,,,,,,,,,,,,,,,
2011,Northern Province,Musanze,RW43,12.24,low,interpolated,False,16.43,1483.1,0,0,228.4,108.25,519.4,107.36,0.6,653.9,114.06,1.74,16.31,17.66,0.25,16.55,0.44,15.92,0.03,276.85,-5.76,district,156.93,-33.34,335.86,6.78,120.85,3.85,251.49,-4.09,,,,,,,,,,,,,,,,,,,,,,,,,,,,,,,,,,,,,
2011,Northern Province,Burera,RW44,20.58,medium,interpolated,False,19.59,1209.4,0,0,200.2,102.85,420.6,98.73,-0.03,540.8,109.85,0.99,17.34,18.87,0.22,17.43,0.39,16.94,0.01,260.97,-4.33,province,143.45,-35.23,254.45,-10.39,127.01,-0.09,219.58,-4.91,,,,,,,,,,,,,,,,,,,,,,,,,,,,,,,,,,,,,
2011,Northern Province,Gicumbi,RW45,11.73,low,interpolated,False,12.28,1081.7,0,0,152.0,97.77,394.1,90.97,-0.51,447.9,100.09,0.13,18.32,20.0,0.17,18.36,0.35,17.89,-0.08,256.26,2.05,district,122.05,-39.75,231.15,-17.88,147.63,3.53,188.92,-8.1,,,,,,,,,,,,,,,,,,,,,,,,,,,,,,,,,,,,,
2011,Eastern Province,Rwamagana,RW51,7.38,low,interpolated,False,7.11,956.3,0,0,152.0,99.19,372.2,94.97,-0.24,385.1,99.05,0.07,21.03,23.08,0.07,20.84,0.23,20.6,-0.14,302.47,19.29,district,191.98,-20.26,199.94,-14.36,157.8,5.29,212.33,-8.95,,,,,,,,,,,,,,,,,,,,,,,,,,,,,,,,,,,,,
2011,Eastern Province,Nyagatare,RW52,3.78,low,interpolated,False,6.68,873.4,0,0,151.5,94.78,291.1,85.02,-0.82,416.6,104.49,0.57,20.91,22.62,0.15,20.79,0.17,20.32,-0.01,265.32,-3.64,district,111.72,-41.41,202.83,-28.39,156.87,-3.04,183.02,-10.86,,,,,,,,,,,,,,,,,,,,,,,,,,,,,,,,,,,,,
2011,Eastern Province,Gatsibo,RW53,17.85,medium,interpolated,False,10.06,956.6,0,0,133.3,95.64,348.7,90.93,-0.42,400.3,97.28,0.02,20.8,22.56,0.07,20.68,0.16,20.34,-0.08,232.69,-5.67,district,123.02,-39.23,218.22,-16.99,155.22,6.2,173.75,-13.33,,,,,,,,,,,,,,,,,,,,,,,,,,,,,,,,,,,,,
2011,Eastern Province,Kayonza,RW54,9.18,low,interpolated,False,10.66,920.5,0,0,150.5,97.11,377.0,98.64,0.15,368.7,96.19,-0.04,21.38,23.19,0.04,21.23,0.13,20.93,-0.11,285.96,,district,136.69,,176.89,,147.53,,177.18,,,,,,,,,,,,,,,,,,,,,,,,,,,,,,,,,,,,,,
2011,Eastern Province,Kirehe,RW55,13.26,low,interpolated,False,18.81,958.6,0,0,171.8,99.81,401.9,102.21,0.34,385.1,100.34,0.23,21.39,23.41,0.11,21.23,0.23,20.93,-0.13,230.44,3.84,district,124.22,-27.25,219.79,-9.46,161.67,2.92,195.44,-7.1,,,,,,,,,,,,,,,,,,,,,,,,,,,,,,,,,,,,,
2011,Eastern Province,Ngoma,RW56,9.47,low,interpolated,False,8.08,1015.5,0,0,173.8,100.73,406.9,101.85,0.2,410.9,100.46,0.2,21.46,23.5,0.1,21.23,0.26,21.08,-0.11,266.32,-2.21,district,118.95,-38.7,217.1,-10.37,161.9,3.43,208.75,-3.4,,,,,,,,,,,,,,,,,,,,,,,,,,,,,,,,,,,,,
2011,Eastern Province,Bugesera,RW57,19.69,medium,interpolated,False,18.5,915.6,0,0,153.0,98.11,373.4,102.81,0.16,351.7,93.36,-0.25,21.36,23.58,0.09,21.14,0.28,20.92,-0.16,272.26,4.82,district,137.74,-31.55,177.89,-14.65,158.7,1.38,200.12,-6.25,,,,,,,,,,,,,,,,,,,,,,,,,,,,,,,,,,,,,
2012,Kigali City,Nyarugenge,RW11,2.46,low,fcs_proxy_survey,True,,1142.0,0,1,171.5,111.1,354.5,89.03,-0.69,576.5,142.31,2.23,19.67,20.77,-0.47,19.45,-0.38,19.1,-0.8,316.1,11.45,district,290.93,72.43,184.82,-7.39,151.37,7.77,265.25,29.28,,,,,,,,,,,,,,,,,,,,,,,,,,,,,,,,,,,,,
2012,Kigali City,Gasabo,RW12,9.07,low,fcs_proxy_survey,True,23.71,1159.0,0,1,174.3,114.16,374.2,93.74,-0.3,587.6,143.95,2.45,19.54,20.68,-0.43,19.32,-0.36,18.99,-0.76,315.99,7.15,province,268.27,45.09,179.96,-9.35,152.38,8.73,277.67,20.44,,,,,,,,,,,,,,,,,,,,,,,,,,,,,,,,,,,,,
2012,Kigali City,Kicukiro,RW13,4.63,low,fcs_proxy_survey,True,7.61,1120.2,0,1,165.7,114.07,352.5,92.33,-0.43,574.8,146.22,2.37,20.31,21.4,-0.47,20.07,-0.36,19.72,-0.83,316.32,2.2,district,232.65,15.11,172.26,-12.33,154.21,9.58,290.1,13.39,,,,,,,,,,,,,,,,,,,,,,,,,,,,,,,,,,,,,
2012,Southern Province,Nyanza,RW21,20.24,medium,fcs_proxy_survey,True,10.63,1057.0,0,0,185.2,98.38,320.4,77.48,-1.5,540.2,127.5,1.66,19.26,20.03,-0.44,19.09,-0.3,18.8,-0.81,321.88,-6.28,district,241.46,13.66,225.18,-0.95,149.81,6.71,259.42,22.06,,,,,,,,,,,,,,,,,,,,,,,,,,,,,,,,,,,,,
2012,Southern Province,Gisagara,RW22,14.32,low,fcs_proxy_survey,True,11.7,1161.4,0,1,233.0,99.84,333.9,76.78,-1.37,606.3,129.58,2.01,19.8,20.62,-0.38,19.51,-0.23,19.3,-0.88,319.41,6.43,district,228.61,24.1,255.9,10.7,139.41,11.01,276.64,14.2,,,,,,,,,,,,,,,,,,,,,,,,,,,,,,,,,,,,,
2012,Southern Province,Nyaruguru,RW23,18.06,medium,fcs_proxy_survey,True,21.55,1407.2,0,1,269.2,100.25,377.4,74.76,-1.61,719.4,128.14,2.02,17.36,17.95,-0.31,17.31,-0.18,16.95,-0.69,310.81,-0.54,province,258.22,19.8,231.88,3.83,155.8,9.53,264.61,18.0,,,,,,,,,,,,,,,,,,,,,,,,,,,,,,,,,,,,,
2012,Southern Province,Huye,RW24,7.15,low,fcs_proxy_survey,True,15.78,1167.1,0,1,212.6,99.29,341.7,75.21,-1.49,582.3,130.01,2.01,18.3,19.0,-0.4,18.15,-0.26,17.89,-0.79,319.49,6.2,district,265.75,27.89,221.79,3.75,161.06,2.51,260.83,15.6,,,,,,,,,,,,,,,,,,,,,,,,,,,,,,,,,,,,,
2012,Southern Province,Nyamagabe,RW25,26.03,medium,fcs_proxy_survey,True,28.3,1362.7,0,0,211.4,100.93,381.8,78.3,-1.54,670.7,125.32,1.91,16.7,17.19,-0.39,16.72,-0.29,16.41,-0.67,307.29,1.26,district,303.09,32.88,280.01,18.98,145.02,3.86,260.86,17.45,,,,,,,,,,,,,,,,,,,,,,,,,,,,,,,,,,,,,
2012,Southern Province,Ruhango,RW26,19.13,medium,fcs_proxy_survey,True,17.99,1058.7,0,1,164.4,101.91,318.1,79.84,-1.33,533.2,130.56,1.86,19.02,19.78,-0.47,18.88,-0.35,18.5,-0.8,310.81,-0.54,province,258.22,19.8,231.88,3.83,155.8,9.53,264.61,18.0,,,,,,,,,,,,,,,,,,,,,,,,,,,,,,,,,,,,,
2012,Southern Province,Muhanga,RW27,21.11,medium,fcs_proxy_survey,True,27.62,1164.3,0,0,179.4,104.23,359.7,85.28,-0.95,563.9,127.12,1.79,18.81,19.68,-0.47,18.7,-0.35,18.19,-0.78,310.81,-0.54,province,258.22,19.8,231.88,3.83,155.8,9.53,264.61,18.0,,,,,,,,,,,,,,,,,,,,,,,,,,,,,,,,,,,,,
2012,Southern Province,Kamonyi,RW28,12.13,low,fcs_proxy_survey,True,9.79,1077.8,0,1,166.2,106.35,348.2,88.33,-0.71,528.0,131.97,1.8,19.05,20.04,-0.48,18.84,-0.38,18.46,-0.81,300.29,-8.33,district,224.13,-1.22,189.69,-12.24,167.58,22.55,270.75,23.75,,,,,,,,,,,,,,,,,,,,,,,,,,,,,,,,,,,,,
2012,Western Province,Karongi,RW31,29.72,medium,fcs_proxy_survey,True,20.29,1256.4,0,0,160.5,103.72,364.3,86.14,-1.03,600.6,122.55,1.64,18.19,18.6,-0.34,18.3,-0.3,17.78,-0.59,323.67,7.0,province,235.46,27.55,255.51,3.14,139.08,11.48,256.73,8.79,,,,,,,,,,,,,,,,,,,,,,,,,,,,,,,,,,,,,
2012,Western Province,Rutsiro,RW32,42.32,high,fcs_proxy_survey,True,26.44,1268.4,0,0,170.9,104.64,375.0,88.05,-0.84,580.5,119.84,1.64,18.25,18.77,-0.23,18.44,-0.2,17.8,-0.47,314.45,2.34,district,204.66,21.02,248.48,2.75,130.48,14.52,274.69,10.45,,,,,,,,,,,,,,,,,,,,,,,,,,,,,,,,,,,,,
2012,Western Province,Rubavu,RW33,23.09,medium,fcs_proxy_survey,True,14.15,1258.6,0,0,161.6,105.05,385.8,94.86,-0.35,550.5,111.03,1.4,16.92,17.71,-0.16,17.09,-0.18,16.48,-0.39,328.22,8.22,district,232.23,41.92,271.54,1.6,120.67,10.3,268.68,7.37,,,,,,,,,,,,,,,,,,,,,,,,,,,,,,,,,,,,,
2012,Western Province,Nyabihu,RW34,14.95,low,fcs_proxy_survey,True,30.47,1359.1,0,0,184.4,104.26,433.5,92.12,-0.54,607.2,113.5,1.66,15.32,16.09,-0.24,15.4,-0.24,14.84,-0.54,340.53,14.75,district,246.85,45.46,263.9,-7.41,107.43,10.96,269.87,5.58,,,,,,,,,,,,,,,,,,,,,,,,,,,,,,,,,,,,,
2012,Western Province,Ngororero,RW35,35.28,high,fcs_proxy_survey,True,28.24,1260.2,0,0,187.4,104.07,388.9,86.6,-0.94,598.7,123.27,1.81,16.62,17.21,-0.37,16.66,-0.29,16.08,-0.66,305.1,12.67,district,219.75,45.02,284.76,-0.93,115.66,1.68,266.65,8.03,,,,,,,,,,,,,,,,,,,,,,,,,,,,,,,,,,,,,
2012,Western Province,Rusizi,RW36,37.31,high,fcs_proxy_survey,True,23.35,1482.1,0,0,209.1,103.06,428.9,90.18,-0.88,691.5,115.79,1.02,19.02,19.5,-0.15,19.0,-0.04,18.72,-0.57,350.67,7.39,district,235.46,27.55,256.92,12.69,182.28,17.4,229.85,4.01,,,,,,,,,,,,,,,,,,,,,,,,,,,,,,,,,,,,,
2012,Western Province,Nyamasheke,RW37,29.81,medium,fcs_proxy_survey,True,29.49,1444.5,0,0,188.7,101.62,418.3,88.25,-0.99,681.3,113.87,1.01,18.18,18.65,-0.27,18.27,-0.21,17.88,-0.56,316.39,6.63,district,264.26,31.48,233.27,14.41,157.95,10.69,230.57,9.54,,,,,,,,,,,,,,,,,,,,,,,,,,,,,,,,,,,,,
2012,Northern Province,Rulindo,RW41,20.5,medium,fcs_proxy_survey,True,10.88,1227.9,0,1,172.0,109.48,410.9,93.32,-0.43,571.2,128.82,1.81,17.71,18.76,-0.36,17.58,-0.32,17.22,-0.65,282.66,8.32,district,225.05,42.53,264.55,4.69,120.58,11.65,258.98,9.81,,,,,,,,,,,,,,,,,,,,,,,,,,,,,,,,,,,,,
2012,Northern Province,Gakenke,RW42,20.04,medium,fcs_proxy_survey,True,13.83,1214.7,0,1,160.5,105.17,396.9,90.47,-0.65,541.1,117.63,1.27,18.34,19.28,-0.36,18.16,-0.3,17.72,-0.7,295.59,13.19,district,219.45,42.94,261.99,3.5,134.68,14.89,264.29,15.62,,,,,,,,,,,,,,,,,,,,,,,,,,,,,,,,,,,,,
2012,Northern Province,Musanze,RW43,10.15,low,fcs_proxy_survey,True,16.43,1444.7,0,0,190.2,105.44,460.4,95.16,-0.32,637.0,111.11,1.46,15.79,16.64,-0.27,15.82,-0.28,15.33,-0.56,326.18,17.82,district,232.42,48.11,334.79,-0.32,134.09,10.96,273.39,8.71,,,,,,,,,,,,,,,,,,,,,,,,,,,,,,,,,,,,,
2012,Northern Province,Burera,RW44,21.07,medium,fcs_proxy_survey,True,19.59,1278.5,0,1,176.2,108.73,398.2,93.47,-0.46,581.2,118.06,1.69,16.82,17.69,-0.3,16.74,-0.3,16.35,-0.58,289.48,10.92,province,216.23,50.74,266.29,4.65,138.94,9.4,252.9,15.18,,,,,,,,,,,,,,,,,,,,,,,,,,,,,,,,,,,,,
2012,Northern Province,Gicumbi,RW45,11.45,low,fcs_proxy_survey,True,12.28,1270.7,0,1,197.9,114.85,409.0,94.41,-0.27,613.2,137.03,2.52,17.81,18.9,-0.34,17.68,-0.33,17.32,-0.65,276.11,7.75,district,203.58,66.81,252.09,9.06,155.57,5.38,230.17,21.83,,,,,,,,,,,,,,,,,,,,,,,,,,,,,,,,,,,,,
2012,Eastern Province,Rwamagana,RW51,7.52,low,fcs_proxy_survey,True,7.11,1113.2,0,2,178.0,115.47,380.3,97.04,-0.11,577.9,148.64,2.8,20.51,21.47,-0.45,20.27,-0.34,19.86,-0.89,301.44,-0.34,district,209.66,9.21,198.16,-0.89,162.78,3.15,248.1,16.85,,,,,,,,,,,,,,,,,,,,,,,,,,,,,,,,,,,,,
2012,Eastern Province,Nyagatare,RW52,2.33,low,fcs_proxy_survey,True,6.68,1082.4,0,2,185.7,117.46,340.3,99.39,0.2,541.3,135.77,2.86,20.33,21.64,-0.43,20.19,-0.42,19.52,-0.82,286.61,8.03,district,206.22,84.59,257.29,26.85,170.09,8.43,208.25,13.78,,,,,,,,,,,,,,,,,,,,,,,,,,,,,,,,,,,,,
2012,Eastern Province,Gatsibo,RW53,21.75,medium,fcs_proxy_survey,True,10.06,1152.7,0,2,188.5,115.25,378.5,98.7,0.11,573.0,139.25,2.61,20.28,21.32,-0.44,20.12,-0.4,19.58,-0.84,255.88,9.97,district,196.79,59.97,239.4,9.71,161.58,4.09,228.63,31.58,,,,,,,,,,,,,,,,,,,,,,,,,,,,,,,,,,,,,
2012,Eastern Province,Kayonza,RW54,8.44,low,fcs_proxy_survey,True,10.66,1061.1,0,2,175.7,111.94,376.2,98.43,0.14,536.1,139.86,2.55,20.86,21.96,-0.48,20.67,-0.43,20.12,-0.92,279.79,-2.16,district,204.13,49.34,191.42,8.22,149.48,1.32,219.82,24.07,,,,,,,,,,,,,,,,,,,,,,,,,,,,,,,,,,,,,
2012,Eastern Province,Kirehe,RW55,10.48,low,fcs_proxy_survey,True,18.81,1095.1,0,2,168.1,114.03,398.4,101.32,0.28,542.7,141.4,2.72,20.81,21.94,-0.47,20.67,-0.33,20.13,-0.93,258.81,12.31,district,225.14,81.24,235.07,6.95,157.76,-2.41,235.5,20.5,,,,,,,,,,,,,,,,,,,,,,,,,,,,,,,,,,,,,
2012,Eastern Province,Ngoma,RW56,10.17,low,fcs_proxy_survey,True,8.08,1174.3,0,2,184.8,116.49,399.0,99.87,0.07,601.7,147.11,3.04,20.93,22.02,-0.42,20.71,-0.26,20.26,-0.92,289.23,8.6,district,185.49,55.93,209.51,-3.5,173.67,7.27,256.21,22.74,,,,,,,,,,,,,,,,,,,,,,,,,,,,,,,,,,,,,
2012,Eastern Province,Bugesera,RW57,20.28,medium,fcs_proxy_survey,True,18.5,1004.2,0,1,175.8,107.61,318.0,87.56,-0.81,525.6,139.53,2.33,20.8,21.66,-0.47,20.57,-0.29,20.19,-0.9,266.76,-2.02,district,200.13,45.3,195.73,10.03,160.2,0.94,243.26,21.56,,,,,,,,,,,,,,,,,,,,,,,,,,,,,,,,,,,,,
2013,Kigali City,Nyarugenge,RW11,2.28,low,interpolated,False,2.46,1206.0,0,1,196.0,117.33,494.0,124.06,1.21,506.0,124.91,1.33,19.71,20.6,-0.43,19.39,-0.43,19.27,-0.63,380.25,20.3,district,304.39,4.63,250.63,35.61,185.19,22.34,383.41,44.55,,,,,,,,,,,,,,,,,,,,,,,,,,,,,,,,,,,,,
2013,Kigali City,Gasabo,RW12,7.14,low,interpolated,False,9.07,1273.4,0,2,215.6,125.43,503.6,126.15,1.68,554.4,135.82,2.01,19.6,20.6,-0.37,19.28,-0.4,19.2,-0.55,380.58,20.44,province,303.9,13.28,247.6,37.58,187.25,22.89,397.26,43.07,,,,,,,,,,,,,,,,,,,,,,,,,,,,,,,,,,,,,
2013,Kigali City,Kicukiro,RW13,4.34,low,interpolated,False,4.63,1239.8,0,3,215.4,126.25,496.1,129.94,1.68,543.1,138.16,1.96,20.36,21.27,-0.43,19.98,-0.46,19.92,-0.62,382.21,20.83,district,295.88,27.18,239.16,38.84,192.31,24.7,433.71,49.5,,,,,,,,,,,,,,,,,,,,,,,,,,,,,,,,,,,,,
2013,Southern Province,Nyanza,RW21,24.64,medium,interpolated,False,20.24,1057.4,0,0,157.1,98.42,397.9,96.23,-0.35,459.7,108.5,0.58,19.33,20.3,-0.37,19.08,-0.31,18.96,-0.64,337.18,4.75,district,267.54,10.8,275.92,22.54,177.51,18.49,360.39,38.92,,,,,,,,,,,,,,,,,,,,,,,,,,,,,,,,,,,,,
2013,Southern Province,Gisagara,RW22,16.36,medium,interpolated,False,14.32,1151.4,0,0,166.8,98.98,406.5,93.47,-0.44,525.5,112.31,0.92,19.81,20.7,-0.38,19.52,-0.22,19.44,-0.74,322.9,1.09,district,235.0,2.8,328.46,28.35,166.06,19.12,377.54,36.47,,,,,,,,,,,,,,,,,,,,,,,,,,,,,,,,,,,,,
2013,Southern Province,Nyaruguru,RW23,24.18,medium,interpolated,False,18.06,1435.2,0,0,205.5,102.24,484.2,95.92,-0.35,657.8,117.17,1.26,17.38,18.28,-0.29,17.2,-0.29,17.13,-0.51,328.9,5.82,province,274.78,6.41,306.03,31.98,181.95,16.78,360.91,36.4,,,,,,,,,,,,,,,,,,,,,,,,,,,,,,,,,,,,,
2013,Southern Province,Huye,RW24,10.06,low,interpolated,False,7.15,1152.2,0,0,181.3,98.02,424.5,93.44,-0.44,494.3,110.36,0.78,18.33,19.25,-0.36,18.15,-0.25,18.03,-0.65,322.02,0.79,district,277.54,4.44,305.34,37.67,189.62,17.74,346.03,32.66,,,,,,,,,,,,,,,,,,,,,,,,,,,,,,,,,,,,,
2013,Southern Province,Nyamagabe,RW25,31.62,high,interpolated,False,26.03,1377.4,0,0,189.7,102.02,496.0,101.72,-0.03,594.7,111.12,0.86,16.79,17.55,-0.3,16.63,-0.37,16.63,-0.45,327.12,6.45,district,270.86,-10.63,359.84,28.51,169.58,16.94,353.84,35.65,,,,,,,,,,,,,,,,,,,,,,,,,,,,,,,,,,,,,
2013,Southern Province,Ruhango,RW26,21.3,medium,interpolated,False,19.13,1053.3,0,0,147.6,101.39,404.7,101.58,-0.01,445.4,109.06,0.63,19.09,20.0,-0.4,18.82,-0.41,18.66,-0.63,332.29,,district,280.28,,283.54,,182.22,,361.06,,,,,,,,,,,,,,,,,,,,,,,,,,,,,,,,,,,,,,
2013,Southern Province,Muhanga,RW27,17.51,medium,interpolated,False,21.11,1168.6,0,0,177.0,104.62,473.0,112.14,0.65,464.0,104.6,0.36,18.87,19.83,-0.4,18.57,-0.48,18.37,-0.6,328.9,5.82,province,274.78,6.41,306.03,31.98,181.95,16.78,360.91,36.4,,,,,,,,,,,,,,,,,,,,,,,,,,,,,,,,,,,,,
2013,Southern Province,Kamonyi,RW28,11.76,low,interpolated,False,12.13,1117.5,0,1,178.1,110.27,472.1,119.76,1.06,448.5,112.1,0.71,19.08,19.97,-0.44,18.78,-0.43,18.63,-0.65,342.45,14.04,district,280.56,25.18,278.15,46.64,181.95,8.57,384.92,42.17,,,,,,,,,,,,,,,,,,,,,,,,,,,,,,,,,,,,,
2013,Western Province,Karongi,RW31,31.49,high,interpolated,False,29.72,1219.3,0,0,157.7,100.66,434.6,102.77,0.05,515.2,105.12,0.38,18.26,19.15,-0.27,18.15,-0.45,17.96,-0.4,346.23,,district,266.71,,362.06,,185.6,,389.36,,,,,,,,,,,,,,,,,,,,,,,,,,,,,,,,,,,,,,
2013,Western Province,Rutsiro,RW32,47.26,high,interpolated,False,42.32,1221.9,0,0,163.4,100.81,448.8,105.38,0.21,500.0,103.22,0.32,18.27,19.14,-0.21,18.24,-0.41,17.94,-0.32,333.97,6.21,district,234.91,14.78,315.11,26.82,161.77,23.98,374.78,36.44,,,,,,,,,,,,,,,,,,,,,,,,,,,,,,,,,,,,,
2013,Western Province,Rubavu,RW33,24.17,medium,interpolated,False,23.09,1244.8,0,0,152.0,103.9,435.7,107.13,0.4,521.7,105.22,0.79,16.91,17.84,-0.17,16.89,-0.38,16.63,-0.24,356.22,8.53,district,273.71,17.86,269.91,-0.6,149.09,23.55,360.64,34.23,,,,,,,,,,,,,,,,,,,,,,,,,,,,,,,,,,,,,
2013,Western Province,Nyabihu,RW34,23.05,medium,interpolated,False,14.95,1377.2,0,0,196.1,105.65,502.6,106.8,0.41,575.6,107.59,1.07,15.36,16.22,-0.19,15.27,-0.37,15.09,-0.29,349.41,2.61,district,268.15,8.63,294.94,11.76,147.25,37.06,380.78,41.1,,,,,,,,,,,,,,,,,,,,,,,,,,,,,,,,,,,,,
2013,Western Province,Ngororero,RW35,31.35,high,interpolated,False,35.28,1256.3,0,0,181.0,103.75,489.8,109.06,0.47,507.2,104.43,0.39,16.7,17.63,-0.28,16.54,-0.41,16.28,-0.45,344.2,12.82,district,259.36,18.03,322.48,13.25,150.44,30.08,385.97,44.75,,,,,,,,,,,,,,,,,,,,,,,,,,,,,,,,,,,,,
2013,Western Province,Rusizi,RW36,36.84,high,interpolated,False,37.31,1511.4,0,0,198.4,105.1,498.5,104.81,0.16,672.3,112.58,0.79,19.04,19.95,-0.13,18.69,-0.35,19.03,-0.26,351.56,0.25,district,264.43,12.3,276.84,7.75,202.84,11.28,306.19,33.21,,,,,,,,,,,,,,,,,,,,,,,,,,,,,,,,,,,,,
2013,Western Province,Nyamasheke,RW37,31.33,high,interpolated,False,29.81,1502.8,0,0,192.6,105.72,501.5,105.8,0.19,669.9,111.97,0.86,18.24,18.95,-0.21,18.05,-0.43,18.16,-0.28,340.54,7.63,district,278.05,5.22,256.57,9.99,195.91,24.03,309.23,34.12,,,,,,,,,,,,,,,,,,,,,,,,,,,,,,,,,,,,,
2013,Northern Province,Rulindo,RW41,16.38,medium,interpolated,False,20.5,1305.7,0,1,227.4,116.41,548.4,124.55,1.72,518.9,117.03,1.08,17.78,18.79,-0.29,17.55,-0.35,17.43,-0.44,313.77,11.01,district,256.16,13.82,314.8,18.99,148.48,23.14,378.73,46.24,,,,,,,,,,,,,,,,,,,,,,,,,,,,,,,,,,,,,
2013,Northern Province,Gakenke,RW42,21.03,medium,interpolated,False,20.04,1242.4,0,0,207.6,107.57,501.6,114.34,0.9,487.1,105.89,0.43,18.41,19.43,-0.29,18.06,-0.41,17.97,-0.45,317.11,7.28,district,254.47,15.96,294.74,12.5,164.22,21.94,365.0,38.11,,,,,,,,,,,,,,,,,,,,,,,,,,,,,,,,,,,,,
2013,Northern Province,Musanze,RW43,13.4,low,interpolated,False,10.15,1496.5,0,0,223.1,109.23,557.2,115.17,1.2,628.0,109.54,1.3,15.85,16.73,-0.21,15.71,-0.4,15.6,-0.29,352.45,8.05,district,263.79,13.5,334.6,-0.06,155.78,16.18,381.0,39.36,,,,,,,,,,,,,,,,,,,,,,,,,,,,,,,,,,,,,
2013,Northern Province,Burera,RW44,23.21,medium,interpolated,False,21.07,1308.8,0,1,212.9,111.3,507.5,119.13,1.62,533.2,108.31,0.86,16.93,17.93,-0.19,16.68,-0.36,16.6,-0.33,336.42,,district,266.06,,345.58,,154.06,,363.4,,,,,,,,,,,,,,,,,,,,,,,,,,,,,,,,,,,,,,
2013,Northern Province,Gicumbi,RW45,11.93,low,interpolated,False,11.45,1348.3,0,1,247.0,121.86,548.1,126.52,2.02,549.4,122.77,1.6,17.92,19.09,-0.24,17.69,-0.32,17.58,-0.39,307.23,11.27,district,248.05,21.84,296.0,17.42,181.35,16.57,344.34,49.6,,,,,,,,,,,,,,,,,,,,,,,,,,,,,,,,,,,,,
2013,Eastern Province,Rwamagana,RW51,8.59,low,interpolated,False,7.52,1264.4,0,3,262.4,131.15,513.3,130.98,2.06,561.2,144.34,2.57,20.54,21.61,-0.42,20.1,-0.51,20.16,-0.59,289.66,-3.91,district,223.62,6.66,257.2,29.79,194.87,19.72,363.34,46.45,,,,,,,,,,,,,,,,,,,,,,,,,,,,,,,,,,,,,
2013,Eastern Province,Nyagatare,RW52,5.34,low,interpolated,False,2.33,1180.9,0,2,187.0,128.15,437.5,127.77,2.22,522.6,131.08,2.52,20.46,22.02,-0.29,20.24,-0.38,19.94,-0.4,326.84,14.04,district,222.0,7.65,315.94,22.8,201.56,18.5,310.57,49.14,,,,,,,,,,,,,,,,,,,,,,,,,,,,,,,,,,,,,
2013,Eastern Province,Gatsibo,RW53,19.49,medium,interpolated,False,21.75,1244.2,0,2,239.3,124.4,472.1,123.1,1.8,530.2,128.85,1.97,20.4,21.94,-0.33,20.04,-0.48,19.97,-0.45,334.65,30.78,district,264.6,34.46,270.14,12.84,198.69,22.97,370.57,62.08,,,,,,,,,,,,,,,,,,,,,,,,,,,,,,,,,,,,,
2013,Eastern Province,Kayonza,RW54,9.23,low,interpolated,False,8.44,1219.7,0,3,268.3,128.67,517.9,135.5,2.57,500.6,130.6,2.0,20.95,22.33,-0.39,20.47,-0.64,20.5,-0.54,303.01,8.3,district,264.84,29.74,257.39,34.46,183.34,22.66,334.51,52.18,,,,,,,,,,,,,,,,,,,,,,,,,,,,,,,,,,,,,
2013,Eastern Province,Kirehe,RW55,12.44,low,interpolated,False,10.48,1245.1,0,3,260.6,129.64,533.0,135.55,2.69,528.2,137.62,2.49,20.88,21.82,-0.41,20.43,-0.57,20.45,-0.62,281.69,8.84,district,239.01,6.16,266.31,13.29,211.12,33.82,356.66,51.45,,,,,,,,,,,,,,,,,,,,,,,,,,,,,,,,,,,,,
2013,Eastern Province,Ngoma,RW56,9.93,low,interpolated,False,10.17,1358.6,0,4,257.3,134.77,546.1,136.7,2.56,615.1,150.39,3.24,20.94,21.81,-0.42,20.43,-0.55,20.6,-0.59,303.08,4.79,district,247.52,33.45,276.13,31.8,194.3,11.88,380.72,48.6,,,,,,,,,,,,,,,,,,,,,,,,,,,,,,,,,,,,,
2013,Eastern Province,Bugesera,RW57,23.05,medium,interpolated,False,20.28,1094.6,0,1,170.0,117.3,432.7,119.14,1.2,491.9,130.58,1.83,20.83,21.74,-0.43,20.4,-0.46,20.41,-0.67,308.15,15.52,district,254.84,27.34,284.44,45.32,194.57,21.46,361.64,48.66,,,,,,,,,,,,,,,,,,,,,,,,,,,,,,,,,,,,,
2014,Kigali City,Nyarugenge,RW11,2.11,low,interpolated,False,2.46,1060.0,1,1,222.0,103.12,409.5,102.84,0.06,459.5,113.43,0.73,20.09,21.38,-0.05,19.57,-0.25,19.58,-0.32,454.09,19.42,district,286.22,-5.97,335.29,33.78,194.47,5.01,267.08,-30.34,,,279.91,,,1002.51,,,2733.93,,,201.99,,,313.64,,,812.38,,,3894.79,,,,0.74,28.93,,0.0,,,,,2.0,,,,
2014,Kigali City,Gasabo,RW12,5.2,low,interpolated,False,9.07,1028.2,1,0,218.3,101.28,410.8,102.91,0.26,446.0,109.26,0.6,19.95,21.23,-0.02,19.46,-0.22,19.48,-0.27,449.15,18.02,province,293.82,-3.32,316.07,27.65,199.41,6.49,277.52,-30.14,,,2068.25,,,8590.64,,,10179.66,,,979.73,,,2112.51,,,2266.0,,,12130.17,,,,3.41,24.54,,10.96,,,,,2.0,,,,
2014,Kigali City,Kicukiro,RW13,4.06,low,interpolated,False,4.63,990.8,1,1,195.9,100.9,381.4,99.9,-0.01,439.9,111.91,0.65,20.73,22.09,-0.05,20.17,-0.27,20.22,-0.32,438.59,14.75,district,303.86,2.7,273.71,14.45,210.32,9.37,291.84,-32.71,,,2193.6,,,2226.38,,,3468.63,,,122.86,,,495.7,,,1115.28,,,4063.87,,,,36.17,28.59,,35.35,,,,,2.0,,,,
2014,Southern Province,Nyanza,RW21,29.03,medium,interpolated,False,20.24,1261.9,0,3,225.4,117.45,488.8,118.21,1.0,532.1,125.58,1.55,19.63,20.79,-0.07,19.14,-0.26,19.32,-0.29,387.56,14.94,district,253.26,-5.34,297.75,7.91,181.91,2.48,234.88,-34.83,,,5455.12,,,10594.76,,,27144.59,,,1093.32,,,3529.66,,,3468.04,,,13951.59,,,253.11,2.41,25.39,,5.52,,,,,3.0,,,,
2014,Southern Province,Gisagara,RW22,18.39,medium,interpolated,False,14.32,1436.9,0,3,229.0,123.52,522.9,120.23,1.04,632.7,135.22,2.36,20.08,21.52,-0.11,19.43,-0.32,19.82,-0.35,413.67,28.11,district,228.17,-2.9,304.91,-7.17,193.19,16.34,272.68,-27.78,,,6893.91,,,25860.57,,,18049.97,,,2244.16,,,4427.81,,,10400.0,,,27412.67,,,708.2,5.86,25.42,,24.72,,,,,3.0,,,,
2014,Southern Province,Nyaruguru,RW23,30.31,high,interpolated,False,18.06,1636.0,0,2,250.0,116.55,601.4,119.14,1.03,691.7,123.21,1.68,17.56,18.46,-0.11,17.26,-0.23,17.31,-0.33,411.12,25.0,province,279.16,1.59,319.51,4.4,192.63,5.87,245.04,-32.11,,,1190.59,,,6639.71,,,9136.23,,,1575.04,,,10920.47,,,5899.77,,,9325.16,,,,8.47,26.06,,19.05,,,,,3.0,,,,
2014,Southern Province,Huye,RW24,12.96,low,interpolated,False,7.15,1434.5,0,3,240.6,122.03,549.0,120.85,1.13,595.7,133.0,2.2,18.59,19.72,-0.1,18.11,-0.29,18.36,-0.32,409.69,27.23,district,292.73,5.47,323.49,5.95,197.36,4.08,239.36,-30.83,,,5004.44,,,16002.31,,,15211.23,,,1107.77,,,6460.87,,,7614.46,,,16530.58,,,1384.2,7.52,20.9,,13.17,,,,,3.0,,,,
2014,Southern Province,Nyamagabe,RW25,37.2,high,interpolated,False,26.03,1490.5,0,2,259.4,110.4,576.3,118.19,1.03,588.2,109.9,0.77,17.03,17.82,-0.05,16.81,-0.2,16.79,-0.29,400.22,22.35,district,246.91,-8.84,391.64,8.84,181.33,6.93,230.36,-34.9,,,3313.49,,,12650.89,,,16275.36,,,2932.39,,,15350.73,,,5009.71,,,11594.77,,,,1.58,20.23,,15.24,,,,,3.0,,,,
2014,Southern Province,Ruhango,RW26,23.48,medium,interpolated,False,19.13,1141.4,1,2,216.2,109.87,445.6,111.85,0.61,466.2,114.15,0.92,19.42,20.51,-0.07,18.98,-0.25,19.0,-0.3,422.07,27.02,district,312.41,11.46,306.76,8.19,190.12,4.33,249.92,-30.78,,,5751.7,,,15417.23,,,53702.76,,,1068.67,,,4733.69,,,5829.17,,,22022.73,,,675.91,2.06,25.69,,4.05,,,,,3.0,,,,
2014,Southern Province,Muhanga,RW27,13.92,low,interpolated,False,21.11,1168.3,0,1,216.2,104.59,439.6,104.22,0.18,489.4,110.32,0.72,19.24,20.53,-0.04,18.8,-0.24,18.7,-0.27,411.12,25.0,province,279.16,1.59,319.51,4.4,192.63,5.87,245.04,-32.11,,,4217.87,,,9775.37,,,28116.79,,,544.38,,,5832.19,,,64.26,,,36292.34,,,200.72,2.34,25.72,,23.26,,,,,3.0,,,,
2014,Southern Province,Kamonyi,RW28,11.38,low,interpolated,False,12.13,1051.6,1,1,210.3,103.77,399.3,101.29,0.02,459.3,114.8,0.86,19.45,20.59,-0.07,18.94,-0.27,18.98,-0.3,431.72,26.07,district,297.23,5.94,268.27,-3.55,194.94,7.14,262.26,-31.86,,,4785.23,,,17914.38,,,32830.45,,,1244.66,,,4711.18,,,6221.38,,,26387.63,,,10.19,2.57,22.36,,11.37,,,,,3.0,,,,
2014,Western Province,Karongi,RW31,33.27,high,interpolated,False,29.72,1259.0,1,1,231.6,103.94,492.0,116.34,0.93,477.4,97.41,-0.18,18.45,19.04,-0.08,18.41,-0.19,18.04,-0.33,436.2,25.99,district,250.76,-5.98,328.06,-9.39,206.23,11.11,293.18,-24.7,,,6354.1,,,12598.36,,,22075.79,,,2870.44,,,9727.56,,,1659.99,,,27720.67,,,,6.15,27.14,,21.62,,,,,3.0,,,,
2014,Western Province,Rutsiro,RW32,52.19,high,interpolated,False,42.32,1217.6,1,0,216.3,100.45,477.0,112.0,0.61,448.6,92.61,-0.52,18.43,18.84,-0.05,18.49,-0.16,18.0,-0.26,405.03,21.28,district,221.87,-5.55,303.49,-3.69,177.84,9.94,258.0,-31.16,,,6695.96,,,7954.32,,,9422.3,,,5230.03,,,5696.89,,,677.74,,,8934.82,,,,19.79,26.29,,15.7,,,,,3.0,,,,
2014,Western Province,Rubavu,RW33,25.25,medium,interpolated,False,23.09,1200.4,0,0,216.8,100.19,477.0,117.29,1.02,445.9,89.94,-0.8,17.08,17.74,-0.0,17.14,-0.13,16.66,-0.21,414.56,16.38,district,260.55,-4.81,255.31,-5.41,160.35,7.55,260.37,-27.8,,,6130.45,,,11353.56,,,763.09,,,12206.05,,,874.33,,,13.88,,,750.88,,,,6.7,38.96,,66.46,,,,,3.0,,,,
2014,Western Province,Nyabihu,RW34,31.16,high,interpolated,False,14.95,1331.8,0,0,229.5,102.16,537.3,114.17,0.89,519.1,97.03,0.02,15.59,16.36,0.03,15.48,-0.17,15.21,-0.17,418.73,19.84,district,244.0,-9.01,310.9,5.41,156.94,6.58,289.38,-24.0,,,4574.71,,,8296.0,,,2656.56,,,11601.29,,,5622.34,,,1063.75,,,12983.98,,,,7.05,22.72,,40.97,,,,,3.0,,,,
2014,Western Province,Ngororero,RW35,27.41,medium,interpolated,False,35.28,1231.6,1,0,211.0,101.71,480.9,107.08,0.35,481.8,99.2,0.0,16.97,18.04,-0.01,16.75,-0.2,16.5,-0.24,413.27,20.07,district,231.96,-10.56,344.19,6.73,152.64,1.46,298.11,-22.76,,,5830.31,,,14216.95,,,18337.52,,,4049.36,,,8368.57,,,130.01,,,19867.5,,,,6.04,17.04,,19.08,,,,,3.0,,,,
2014,Western Province,Rusizi,RW36,36.38,high,interpolated,False,37.31,1551.1,0,1,263.7,107.86,553.3,116.34,0.97,639.8,107.13,0.39,19.13,19.65,-0.04,18.85,-0.19,19.03,-0.26,424.39,20.71,district,244.5,-7.54,277.99,0.41,220.46,8.69,304.91,-0.42,,,8103.5,,,14407.76,,,30584.99,,,571.95,,,4354.23,,,82.34,,,21321.74,,,1605.49,5.52,35.88,,49.62,,,,,3.0,,,,
2014,Western Province,Nyamasheke,RW37,32.84,high,interpolated,False,29.81,1461.9,0,1,258.4,102.84,545.0,114.98,0.81,581.6,97.21,-0.35,18.4,18.83,-0.05,18.32,-0.16,18.16,-0.28,407.48,19.66,district,238.6,-14.19,261.74,2.01,196.37,0.24,274.12,-11.35,,,3686.64,,,10786.74,,,22450.97,,,114.58,,,7668.73,,,9.7,,,25697.98,,,,6.1,28.27,,20.68,,,,,3.0,,,,
2014,Northern Province,Rulindo,RW41,12.26,low,interpolated,False,20.5,1135.4,0,0,223.6,101.23,456.4,103.66,0.28,481.3,108.55,0.55,18.07,19.16,-0.0,17.69,-0.21,17.65,-0.22,403.3,28.53,district,251.72,-1.73,329.57,4.69,164.85,11.03,257.62,-31.98,,,3278.22,,,20071.12,,,23615.07,,,2076.91,,,6781.73,,,7289.6,,,27534.2,,,,5.29,24.25,,12.26,,,,,3.0,,,,
2014,Northern Province,Gakenke,RW42,22.01,medium,interpolated,False,20.04,1193.9,0,0,219.4,103.37,470.0,107.13,0.43,499.8,108.65,0.63,18.73,20.16,0.03,18.27,-0.19,18.24,-0.18,414.61,30.75,district,255.0,0.21,336.23,14.08,181.89,10.76,249.53,-31.64,,,11581.27,,,17252.7,,,12542.83,,,2160.09,,,14331.22,,,231.45,,,28230.65,,,,14.26,33.96,,44.17,,,,,2.0,,,,
2014,Northern Province,Musanze,RW43,16.64,medium,interpolated,False,10.15,1442.8,0,1,249.0,105.31,572.3,118.29,1.43,591.3,103.14,0.69,16.1,17.04,0.04,15.92,-0.19,15.72,-0.17,412.71,17.1,district,241.92,-8.29,325.24,-2.8,164.96,5.89,280.82,-26.3,,,8184.09,,,9739.85,,,367.03,,,7409.43,,,3341.83,,,3033.61,,,5057.19,,,,2.53,34.17,,43.2,,,,,3.0,,,,
2014,Northern Province,Burera,RW44,25.34,medium,interpolated,False,21.07,1229.6,0,1,210.9,104.57,471.3,110.63,0.93,538.9,109.47,0.96,17.16,18.31,0.04,16.86,-0.17,16.75,-0.18,426.77,26.86,district,251.81,-5.36,396.59,14.76,179.02,16.2,248.67,-31.57,,,15072.22,,,20351.31,,,614.41,,,10063.85,,,7914.0,,,6933.71,,,7777.97,,,,3.23,17.45,,24.84,,,,,3.0,,,,
2014,Northern Province,Gicumbi,RW45,12.4,low,interpolated,False,11.45,1147.2,0,0,219.5,103.69,469.4,108.36,0.73,484.6,108.29,0.66,18.16,19.24,0.0,17.79,-0.22,17.76,-0.21,386.48,25.8,district,261.27,5.33,325.64,10.01,195.2,7.64,222.98,-35.25,,,3513.25,,,23151.28,,,11031.26,,,2918.58,,,13391.17,,,14353.37,,,22867.84,,,,2.82,25.1,,12.74,,,,,3.0,,,,
2014,Eastern Province,Rwamagana,RW51,9.65,low,interpolated,False,7.52,947.1,1,1,182.1,98.24,375.6,95.84,-0.18,414.4,106.58,0.49,20.88,22.19,-0.08,20.33,-0.28,20.44,-0.31,404.16,39.53,district,231.4,3.48,284.71,10.7,200.17,2.72,235.44,-35.2,,,4641.91,,,10213.73,,,20538.73,,,3675.86,,,3625.32,,,7667.42,,,33917.18,,,207.59,2.88,31.25,,20.48,,,,,3.0,,,,
2014,Eastern Province,Nyagatare,RW52,8.35,low,interpolated,False,2.33,985.5,0,1,169.5,106.95,373.1,108.97,0.89,465.8,116.83,1.48,20.78,22.3,0.02,20.38,-0.23,20.18,-0.16,386.93,18.38,district,227.21,2.35,371.16,17.48,219.05,8.68,203.74,-34.4,,,33640.05,,,38794.85,,,27006.77,,,1232.95,,,3756.02,,,19593.6,,,52765.69,,,872.58,1.97,28.56,,13.86,,,,,3.0,,,,
2014,Eastern Province,Gatsibo,RW53,17.23,medium,interpolated,False,21.75,1067.5,0,1,195.8,106.73,421.7,109.96,0.89,466.3,113.32,1.01,20.69,21.91,-0.04,20.26,-0.26,20.19,-0.23,416.03,24.32,district,285.09,7.74,315.39,16.75,218.81,10.13,291.4,-21.36,,,11024.33,,,20464.47,,,16167.2,,,3520.45,,,4253.21,,,14582.71,,,51604.19,,,754.99,8.62,34.31,,22.33,,,,,2.0,,,,
2014,Eastern Province,Kayonza,RW54,10.02,low,interpolated,False,8.44,995.4,0,1,176.5,105.01,401.9,105.15,0.58,423.2,110.41,0.8,21.26,22.56,-0.08,20.79,-0.32,20.76,-0.28,391.71,29.27,district,269.56,1.78,285.13,10.78,199.03,8.55,218.4,-34.71,,,9509.32,,,22274.81,,,43905.26,,,1940.99,,,2475.41,,,14581.79,,,34320.38,,,,3.7,25.44,,18.81,,,,,3.0,,,,
2014,Eastern Province,Kirehe,RW55,14.4,low,interpolated,False,10.48,1009.9,0,0,183.7,105.15,410.7,104.45,0.5,418.9,109.15,0.76,21.2,22.62,-0.08,20.68,-0.32,20.73,-0.33,393.82,39.81,district,242.65,1.52,298.6,12.13,213.08,0.93,214.46,-39.87,,,12222.26,,,18929.05,,,17378.88,,,1494.05,,,2767.09,,,16389.59,,,33719.7,,,,9.91,25.74,,17.78,,,,,3.0,,,,
2014,Eastern Province,Ngoma,RW56,9.68,low,interpolated,False,10.17,1013.2,1,0,185.3,100.51,389.5,97.5,-0.09,445.1,108.83,0.71,21.27,22.58,-0.09,20.67,-0.3,20.88,-0.31,410.71,35.51,district,251.1,1.45,312.5,13.17,220.75,13.61,246.35,-35.29,,,14540.05,,,21798.68,,,30449.52,,,2429.52,,,5754.86,,,12511.92,,,48460.64,,,1913.48,3.0,32.55,,27.66,,,,,3.0,,,,
2014,Eastern Province,Bugesera,RW57,25.81,medium,interpolated,False,20.28,994.1,1,1,195.4,106.53,377.6,103.96,0.24,438.1,116.3,1.03,21.19,22.45,-0.08,20.58,-0.28,20.75,-0.33,389.5,26.4,district,251.44,-1.34,275.35,-3.2,203.27,4.47,225.29,-37.7,,,8930.87,,,26780.93,,,52707.48,,,869.96,,,3913.35,,,8922.99,,,37842.89,,,652.56,3.01,25.1,,17.04,,,,,3.0,,,,
2015,Kigali City,Nyarugenge,RW11,1.93,low,cari_survey,True,2.46,796.5,1,0,144.0,77.49,295.5,74.21,-1.49,341.0,84.18,-0.79,20.11,21.2,-0.04,19.72,-0.1,19.72,-0.18,457.81,0.82,district,258.1,-9.83,401.93,19.88,184.0,-5.39,372.95,39.64,,,240.92,,,1048.79,,,1425.01,,,12.41,,,24.89,,,154.37,,,5511.87,,,,0.79,48.18,,12.5,,,,,2.0,,,,
2015,Kigali City,Gasabo,RW12,3.27,low,cari_survey,True,9.07,794.4,1,0,139.4,78.25,300.0,75.15,-1.44,345.6,84.66,-0.72,19.92,20.89,-0.05,19.55,-0.13,19.58,-0.17,450.95,0.4,province,279.63,-4.83,394.08,24.68,186.28,-6.59,382.58,37.86,,,3931.3,,,11278.68,,,13175.98,,,286.89,,,2729.81,,,2633.75,,,14911.59,,,,3.57,22.69,,39.4,,,,,3.0,,,,
2015,Kigali City,Kicukiro,RW13,3.77,low,cari_survey,True,4.63,749.9,1,0,128.6,76.36,280.0,73.34,-1.49,323.7,82.35,-0.83,20.74,21.81,-0.05,20.34,-0.09,20.34,-0.2,432.04,-1.49,district,300.33,-1.16,366.79,34.01,192.76,-8.35,396.98,36.03,,,993.56,,,2855.75,,,5267.31,,,241.09,,,778.73,,,125.83,,,6211.08,,,,1.51,17.02,,10.66,,,,,2.0,,,,
2015,Southern Province,Nyanza,RW21,33.43,high,cari_survey,True,20.24,889.2,1,0,138.0,82.76,321.0,77.63,-1.49,391.8,92.47,-0.34,19.77,20.65,0.07,19.35,-0.05,19.45,-0.15,359.01,-7.36,district,238.08,-5.99,300.0,0.75,168.78,-7.22,327.09,39.26,,,6689.2,,,16604.45,,,22025.04,,,883.22,,,3044.78,,,3593.15,,,17460.77,,,1691.97,6.69,25.52,,3.54,,,,,3.0,,,,
2015,Southern Province,Gisagara,RW22,20.43,medium,cari_survey,True,14.32,957.5,1,0,148.0,82.31,322.0,74.04,-1.52,448.3,95.81,-0.12,20.21,21.24,0.02,19.68,-0.06,19.92,-0.25,366.16,-11.48,district,242.44,6.25,326.4,7.05,154.3,-20.13,335.83,23.16,,,7935.76,,,29243.69,,,15311.9,,,2636.93,,,4282.22,,,5979.9,,,15020.53,,,3993.86,8.65,19.05,,46.67,,,,,3.0,,,,
2015,Southern Province,Nyaruguru,RW23,36.43,high,cari_survey,True,18.06,1168.6,1,0,169.6,83.25,410.1,81.24,-1.23,534.2,95.15,-0.26,17.63,18.09,-0.04,17.54,0.05,17.43,-0.21,363.44,-11.6,province,244.47,-12.43,332.65,4.11,174.7,-9.31,321.35,31.14,,,448.01,,,3722.97,,,8851.75,,,2217.25,,,6141.33,,,1381.59,,,4875.62,,,,4.94,22.84,,55.94,,,,,3.0,,,,
2015,Southern Province,Huye,RW24,15.87,medium,cari_survey,True,7.15,972.0,1,0,143.6,82.69,349.0,76.82,-1.4,429.1,95.8,-0.14,18.69,19.41,-0.0,18.34,-0.07,18.45,-0.23,356.52,-12.98,district,244.18,-16.59,349.19,7.94,184.41,-6.56,316.1,32.06,,,4480.65,,,23184.43,,,23524.67,,,729.81,,,5547.29,,,5533.91,,,10306.72,,,1737.05,3.94,19.37,,21.39,,,,,3.0,,,,
2015,Southern Province,Nyamagabe,RW25,42.79,high,cari_survey,True,26.03,1111.1,1,0,165.5,82.3,402.6,82.57,-1.26,486.4,90.88,-0.65,17.02,17.32,-0.07,16.91,-0.09,16.89,-0.19,371.07,-7.28,district,230.62,-6.6,313.36,-19.99,164.18,-9.46,345.52,50.0,,,3748.42,,,14661.36,,,10611.94,,,3716.2,,,15295.08,,,3221.99,,,13409.6,,,,5.69,15.7,,18.31,,,,,3.0,,,,
2015,Southern Province,Ruhango,RW26,25.65,medium,cari_survey,True,19.13,858.5,1,0,139.6,82.64,318.7,79.99,-1.32,369.4,90.45,-0.43,19.53,20.52,0.04,19.21,-0.03,19.17,-0.13,369.47,-12.46,district,250.0,-19.98,393.0,28.11,182.78,-3.86,294.07,17.67,,,5660.29,,,24009.81,,,48142.08,,,661.87,,,4821.49,,,3496.05,,,20773.91,,,1712.49,3.44,18.91,,1.99,,,,,3.0,,,,
2015,Southern Province,Muhanga,RW27,10.32,low,cari_survey,True,21.11,938.2,1,0,154.2,83.99,338.7,80.3,-1.25,418.5,94.34,-0.29,19.28,20.35,-0.0,19.09,0.04,18.88,-0.1,363.44,-11.6,province,244.47,-12.43,332.65,4.11,174.7,-9.31,321.35,31.14,,,2273.09,,,8040.35,,,22937.16,,,680.48,,,5418.53,,,167.09,,,26569.12,,,211.77,10.49,28.56,,22.49,,,,,3.0,,,,
2015,Southern Province,Kamonyi,RW28,11.01,low,cari_survey,True,12.13,811.7,1,0,139.4,80.1,299.0,75.85,-1.41,357.8,89.43,-0.52,19.51,20.63,-0.01,19.13,-0.09,19.1,-0.18,388.67,-9.97,district,265.34,-10.73,332.65,4.11,179.53,-7.91,307.01,17.06,,,4332.54,,,20725.96,,,39273.87,,,934.67,,,5416.29,,,7416.35,,,25564.1,,,552.67,6.35,22.81,,44.27,,,,,3.0,,,,
2015,Western Province,Karongi,RW31,35.04,high,cari_survey,True,29.72,1003.6,1,0,154.3,82.85,357.7,84.58,-1.13,433.5,88.45,-0.82,18.53,18.97,0.0,18.56,-0.04,18.34,-0.02,380.96,-12.66,district,261.67,4.35,402.46,22.68,179.06,-13.17,349.74,19.29,,,6625.53,,,15561.63,,,24139.87,,,3699.03,,,7660.29,,,2833.48,,,28717.91,,,,13.13,22.68,,16.68,,,,,3.0,,,,
2015,Western Province,Rutsiro,RW32,57.13,high,cari_survey,True,42.32,1017.4,1,0,154.3,83.94,352.7,82.81,-1.16,433.5,89.49,-0.77,18.55,19.12,0.07,18.6,-0.04,18.32,0.06,369.22,-8.84,district,232.78,4.92,307.11,1.19,151.06,-15.06,333.33,29.19,,,5660.07,,,7821.67,,,7276.9,,,5336.97,,,2348.89,,,14.59,,,7776.29,,,,8.83,22.92,,43.71,,,,,3.0,,,,
2015,Western Province,Rubavu,RW33,26.33,medium,cari_survey,True,23.09,1064.0,0,0,162.1,88.81,372.9,91.69,-0.54,457.5,92.28,-0.56,17.15,17.85,0.07,17.24,-0.03,16.97,0.1,396.32,-4.4,district,238.74,-8.37,262.62,2.86,142.82,-10.93,333.57,28.11,,,8125.66,,,8776.58,,,,,,15171.51,,,66.23,,,1.44,,,583.59,,,3.66,17.77,32.13,,83.81,,,,,3.0,,,,
2015,Western Province,Nyabihu,RW34,39.26,high,cari_survey,True,14.95,1176.7,1,0,171.1,90.27,421.4,89.55,-0.71,508.2,94.99,-0.18,15.56,16.12,0.0,15.62,-0.02,15.36,-0.01,391.68,-6.46,district,205.94,-15.6,327.18,5.24,140.75,-10.31,335.09,15.8,,,8101.26,,,6438.14,,,1858.23,,,17746.72,,,6744.91,,,484.73,,,7469.39,,,,4.74,24.18,,48.46,,,,,3.0,,,,
2015,Western Province,Ngororero,RW35,23.48,medium,cari_survey,True,35.28,1032.6,1,0,154.6,85.28,367.4,81.81,-1.25,454.5,93.58,-0.42,16.97,17.56,-0.02,16.98,0.03,16.68,-0.06,380.37,-7.96,district,200.34,-13.63,343.72,-0.14,136.93,-10.29,345.06,15.75,,,6580.52,,,15955.08,,,30189.07,,,3733.3,,,12957.0,,,360.65,,,30244.77,,,84.11,4.51,17.67,,6.74,,,,,3.0,,,,
2015,Western Province,Rusizi,RW36,35.91,high,cari_survey,True,37.31,1202.7,0,0,183.3,83.63,439.2,92.35,-0.73,519.3,86.96,-1.1,19.31,19.8,0.13,19.27,0.23,19.19,-0.1,430.63,1.47,district,227.66,-6.89,251.32,-9.59,215.27,-2.36,309.12,1.38,,,8064.72,,,15438.55,,,36462.55,,,1789.34,,,2694.31,,,91.89,,,23400.29,,,1627.16,11.53,29.5,,50.55,,,,,3.0,,,,
2015,Western Province,Nyamasheke,RW37,34.36,high,cari_survey,True,29.81,1172.6,1,0,169.8,82.49,417.0,87.97,-1.01,519.9,86.9,-1.2,18.44,18.93,-0.01,18.43,-0.05,18.34,-0.11,400.37,-1.74,district,222.98,-6.55,292.41,11.72,185.25,-5.66,316.9,15.6,,,4657.39,,,11082.15,,,25731.08,,,376.43,,,7734.1,,,1.01,,,24367.58,,,,6.6,22.49,,53.33,,,,,3.0,,,,
2015,Northern Province,Rulindo,RW41,8.14,low,cari_survey,True,20.5,901.5,1,0,152.4,80.38,338.7,76.92,-1.55,393.8,88.81,-0.68,18.03,18.83,-0.04,17.74,-0.16,17.74,-0.13,351.74,-12.79,district,227.28,-9.71,308.37,-6.43,148.92,-9.67,346.83,34.63,,,4116.16,,,17982.0,,,16075.05,,,2982.69,,,5787.89,,,5661.34,,,19391.35,,,394.05,3.83,21.58,,4.13,,,,,2.0,,,,
2015,Northern Province,Gakenke,RW42,23.0,medium,cari_survey,True,20.04,989.0,1,0,156.2,85.63,355.1,80.94,-1.28,438.2,95.26,-0.33,18.71,19.68,0.01,18.48,0.01,18.35,-0.07,368.17,-11.2,district,221.68,-13.06,405.91,20.72,164.13,-9.77,347.21,39.15,,,11988.35,,,20673.19,,,24909.34,,,2479.56,,,13025.19,,,149.14,,,43789.63,,,,7.52,24.65,,30.26,,,,,3.0,,,,
2015,Northern Province,Musanze,RW43,19.89,medium,cari_survey,True,10.15,1245.6,1,0,188.1,90.91,435.3,89.98,-0.72,547.0,95.41,-0.05,16.04,16.63,-0.02,16.05,-0.06,15.84,-0.04,377.68,-8.49,district,222.96,-7.84,320.25,-1.54,148.45,-10.01,341.86,21.74,,,8308.1,,,8225.08,,,973.3,,,10809.54,,,3111.15,,,1424.22,,,2641.5,,,1.05,5.66,29.01,,75.18,,,,,3.0,,,,
2015,Northern Province,Burera,RW44,27.48,medium,cari_survey,True,21.07,1010.6,1,0,161.8,85.94,357.1,83.83,-1.24,463.2,94.09,-0.34,17.1,17.84,-0.02,16.92,-0.12,16.86,-0.08,382.3,-10.42,district,219.39,-12.88,358.42,-9.63,165.53,-7.54,371.67,49.46,,,14100.82,,,26416.26,,,234.35,,,14934.5,,,7779.83,,,6331.18,,,4428.22,,,3.28,10.56,20.7,,47.6,,,,,3.0,,,,
2015,Northern Province,Gicumbi,RW45,12.88,low,cari_survey,True,11.45,898.6,1,0,148.6,81.22,331.4,76.5,-1.54,405.1,90.53,-0.49,18.12,19.21,-0.03,17.83,-0.17,17.85,-0.12,341.14,-11.73,district,214.36,-17.96,353.59,8.58,175.63,-10.03,299.48,34.31,,,3760.98,,,22782.06,,,18259.61,,,6684.93,,,12107.47,,,7966.9,,,28102.88,,,,2.96,19.0,,23.4,,,,,3.0,,,,
2015,Eastern Province,Rwamagana,RW51,10.72,low,cari_survey,True,7.52,746.5,2,0,134.4,77.43,295.5,75.4,-1.49,329.6,84.77,-0.71,20.91,21.8,-0.06,20.55,-0.06,20.51,-0.23,330.18,-18.31,district,207.09,-10.51,308.19,8.25,184.83,-7.66,326.53,38.69,,,5039.75,,,12575.71,,,18929.94,,,2187.03,,,2973.3,,,6206.93,,,23335.02,,,454.6,4.52,24.42,,65.75,,,,,3.0,,,,
2015,Eastern Province,Nyagatare,RW52,11.36,low,cari_survey,True,2.33,786.9,1,0,134.6,85.39,278.9,81.45,-1.07,381.4,95.66,-0.08,20.92,22.39,0.16,20.7,0.08,20.26,-0.07,345.81,-10.63,district,186.62,-17.86,398.96,7.49,194.23,-11.33,274.86,34.91,,,39290.12,,,43697.11,,,26408.05,,,1292.26,,,4168.75,,,13054.62,,,42486.59,,,2072.59,3.04,25.23,,47.28,,,,,3.0,,,,
2015,Eastern Province,Gatsibo,RW53,14.97,low,cari_survey,True,21.75,850.4,1,0,139.9,85.02,304.3,79.35,-1.22,395.0,95.99,-0.06,20.78,21.96,0.06,20.52,0.01,20.26,-0.16,364.55,-12.37,district,232.84,-18.33,348.14,10.38,195.93,-10.46,361.75,24.14,,,15371.14,,,24701.41,,,12576.5,,,3013.02,,,5516.89,,,12534.35,,,45325.73,,,790.63,4.68,24.91,,54.35,,,,,3.0,,,,
2015,Eastern Province,Kayonza,RW54,10.81,low,cari_survey,True,8.44,801.7,1,0,142.0,84.58,305.6,79.96,-1.07,373.0,97.31,0.02,21.35,22.26,0.01,21.12,0.01,20.8,-0.24,328.34,-16.18,district,231.56,-14.1,372.33,30.58,188.13,-5.48,294.86,35.01,,,11791.58,,,36585.29,,,61867.32,,,2173.83,,,4720.14,,,14218.65,,,42763.98,,,1.58,4.07,21.04,,5.55,,,,,2.0,,,,
2015,Eastern Province,Kirehe,RW55,16.36,medium,cari_survey,True,10.48,779.5,1,0,142.4,81.16,319.7,81.31,-1.13,349.7,91.12,-0.34,21.24,22.24,-0.04,21.03,0.04,20.79,-0.27,337.4,-14.33,district,207.33,-14.56,384.62,28.81,190.92,-10.4,351.98,64.13,,,12096.59,,,27966.38,,,23964.39,,,815.42,,,3031.78,,,12549.23,,,25886.61,,,,2.13,22.68,,7.0,,,,,2.0,,,,
2015,Eastern Province,Ngoma,RW56,9.44,low,cari_survey,True,10.17,779.9,2,0,140.0,77.36,310.5,77.72,-1.43,354.5,86.67,-0.64,21.32,22.29,-0.03,20.97,-0.0,20.94,-0.24,329.45,-19.78,district,237.78,-5.31,364.48,16.63,195.16,-11.59,382.5,55.26,,,13815.07,,,32526.08,,,32189.08,,,2473.33,,,5729.22,,,6636.46,,,38934.77,,,3875.56,7.51,29.52,,39.36,,,,,3.0,,,,
2015,Eastern Province,Bugesera,RW57,28.58,medium,cari_survey,True,20.28,739.5,2,0,128.3,79.24,280.9,77.34,-1.45,332.7,88.32,-0.54,21.25,22.33,-0.02,20.82,-0.04,20.86,-0.23,354.87,-8.89,district,224.65,-10.65,317.73,15.39,182.58,-10.18,330.36,46.63,,,10164.54,,,32099.45,,,39812.9,,,318.28,,,3028.64,,,8165.84,,,34998.09,,,790.22,3.94,18.6,,24.95,,,,,3.0,,,,
2016,Kigali City,Nyarugenge,RW11,1.68,low,interpolated,False,1.93,938.5,0,0,165.0,91.3,385.5,96.81,-0.26,362.0,89.36,-0.52,20.47,21.91,0.33,19.87,0.04,20.04,0.14,477.17,4.23,district,258.47,0.14,346.87,-13.7,207.17,12.59,387.57,3.92,,,207.28,,,547.42,,,1711.76,,,6.98,,,9.07,,,42.9,,,6341.45,,,,0.0,32.97,,6.0,,,,,2.0,,,,
2016,Kigali City,Gasabo,RW12,2.96,low,interpolated,False,3.27,943.6,1,0,187.0,92.95,387.2,96.99,-0.1,376.7,92.28,-0.31,20.33,21.77,0.36,19.75,0.07,19.92,0.17,474.09,5.13,province,268.27,-4.06,330.21,-16.21,208.26,11.8,388.44,1.53,,,2629.32,,,11908.71,,,11146.57,,,612.22,,,1536.89,,,3424.65,,,12994.67,,,,1.82,19.24,,6.29,,,,,3.0,,,,
2016,Kigali City,Kicukiro,RW13,3.37,low,interpolated,False,3.77,906.4,0,0,178.7,92.3,375.1,98.25,-0.1,350.6,89.19,-0.48,21.12,22.61,0.33,20.49,0.05,20.66,0.11,460.01,6.47,district,274.45,-8.62,280.82,-23.44,211.78,9.87,409.02,3.03,,,1382.47,,,3251.49,,,2737.49,,,187.92,,,534.35,,,64.72,,,5155.48,,,,2.43,17.49,,43.08,,,,,2.0,,,,
2016,Southern Province,Nyanza,RW21,28.97,medium,interpolated,False,33.43,1109.0,0,0,162.3,103.22,435.7,105.37,0.21,442.1,104.34,0.34,19.99,21.29,0.29,19.37,-0.02,19.7,0.1,383.03,6.69,district,251.72,5.73,305.0,1.67,198.46,17.59,286.93,-12.28,,,12772.7,,,17797.53,,,16804.46,,,771.26,,,3579.77,,,5088.42,,,17399.66,,,653.63,6.27,23.45,,13.46,,,,,3.0,,,,
2016,Southern Province,Gisagara,RW22,21.46,medium,interpolated,False,20.43,1222.7,0,0,190.5,105.11,460.0,105.77,0.24,497.6,106.35,0.54,20.38,21.96,0.19,19.63,-0.11,20.12,-0.05,424.37,15.9,district,242.52,0.03,339.63,4.05,177.77,15.22,417.72,24.38,,,9149.29,,,29106.02,,,17291.92,,,1831.39,,,4617.97,,,6503.19,,,18676.23,,,1088.59,8.16,21.86,,32.25,,,,,3.0,,,,
2016,Southern Province,Nyaruguru,RW23,32.29,high,interpolated,False,36.43,1521.3,0,1,239.1,108.38,530.2,105.03,0.19,670.8,119.49,1.42,17.95,19.13,0.28,17.44,-0.06,17.84,0.2,409.74,12.74,province,261.76,7.07,330.48,-0.65,197.02,12.78,331.05,3.02,,,641.24,,,3208.33,,,9065.87,,,883.38,,,6082.33,,,1424.58,,,3503.78,,,,5.56,21.47,,33.31,,,,,3.0,,,,
2016,Southern Province,Huye,RW24,15.37,medium,interpolated,False,15.87,1247.7,0,0,181.8,106.14,483.4,106.41,0.3,496.0,110.74,0.8,18.93,20.15,0.23,18.34,-0.07,18.75,0.07,400.85,12.43,district,257.61,5.5,352.62,0.98,205.02,11.18,310.93,-1.63,,,4362.2,,,21939.67,,,25040.98,,,1416.54,,,3847.73,,,5019.14,,,15738.97,,,100.05,6.42,18.32,,18.23,,,,,3.0,,,,
2016,Southern Province,Nyamagabe,RW25,38.47,high,interpolated,False,42.79,1435.5,0,0,195.5,106.33,502.8,103.12,0.06,625.7,116.91,1.29,17.41,18.43,0.32,16.95,-0.05,17.32,0.24,406.7,9.6,district,251.81,9.19,391.35,24.89,192.82,17.44,309.14,-10.53,,,3487.95,,,14688.55,,,11096.13,,,2990.49,,,13160.44,,,3096.3,,,15579.65,,,,5.9,17.88,,29.24,,,,,3.0,,,,
2016,Southern Province,Ruhango,RW26,23.01,medium,interpolated,False,25.65,1044.9,0,0,167.0,100.58,420.5,105.55,0.23,416.9,102.08,0.23,19.8,21.21,0.31,19.24,0.01,19.44,0.15,379.29,2.66,district,268.47,7.39,319.49,-18.71,193.94,6.11,322.81,9.78,,,8703.81,,,24144.05,,,39057.87,,,776.79,,,5060.87,,,6574.72,,,22643.91,,,1966.17,5.79,20.0,,14.72,,,,,3.0,,,,
2016,Southern Province,Muhanga,RW27,11.23,low,interpolated,False,10.32,1133.9,0,0,173.7,101.51,453.6,107.54,0.38,473.1,106.65,0.49,19.61,21.16,0.34,19.06,0.01,19.19,0.22,409.74,12.74,province,261.76,7.07,330.48,-0.65,197.02,12.78,331.05,3.02,,,2832.98,,,8487.2,,,23410.61,,,571.08,,,3630.67,,,179.06,,,26686.18,,,251.86,2.64,24.66,,13.46,,,,,3.0,,,,
2016,Southern Province,Kamonyi,RW28,15.17,medium,interpolated,False,11.01,970.8,0,0,165.7,95.8,390.7,99.11,-0.1,394.9,98.7,-0.02,19.84,21.26,0.32,19.26,0.04,19.43,0.15,440.77,13.4,district,282.73,6.55,262.11,,193.44,7.75,367.75,19.78,,,5383.39,,,23720.81,,,33700.37,,,923.96,,,4613.33,,,5790.53,,,22235.93,,,523.93,8.26,28.28,,10.87,,,,,3.0,,,,
2016,Western Province,Karongi,RW31,31.66,high,interpolated,False,35.04,1274.1,0,0,166.4,105.18,455.8,107.78,0.37,548.8,111.98,0.88,18.86,19.75,0.33,18.55,-0.05,18.6,0.24,438.62,15.14,district,267.4,2.19,359.57,-10.66,198.74,10.99,431.19,23.29,,,6690.62,,,15863.1,,,18985.97,,,3676.09,,,7336.58,,,2923.43,,,28857.14,,,5.37,11.96,24.71,,30.95,,,,,3.0,,,,
2016,Western Province,Rutsiro,RW32,54.41,high,interpolated,False,57.13,1236.6,0,0,165.9,102.02,458.4,107.63,0.34,513.7,106.05,0.54,18.82,19.84,0.34,18.62,-0.03,18.51,0.25,411.74,11.52,district,231.49,-0.55,319.3,3.97,167.01,10.56,414.49,24.35,,,7056.11,,,7354.86,,,8054.64,,,4464.1,,,2321.25,,,48.66,,,12360.74,,,,4.35,20.98,,5.41,,,,,3.0,,,,
2016,Western Province,Rubavu,RW33,24.85,medium,interpolated,False,26.33,1246.6,0,0,166.8,104.05,443.5,109.05,0.51,534.5,107.81,1.06,17.41,18.68,0.33,17.23,-0.04,17.13,0.25,434.46,9.62,district,236.92,-0.76,248.44,-5.4,161.28,12.93,323.54,-3.01,,,12371.18,,,10336.32,,,,,,16402.9,,,,,,,,,742.22,,,,4.28,37.22,,80.13,,,,,3.0,,,,
2016,Western Province,Nyabihu,RW34,34.79,high,interpolated,False,39.26,1375.8,0,0,200.7,105.54,507.7,107.88,0.48,609.4,113.91,1.7,15.92,17.03,0.37,15.65,0.0,15.68,0.3,425.74,8.7,district,228.16,10.79,326.93,-0.08,160.44,13.99,378.51,12.96,,,6858.42,,,7644.45,,,1685.37,,,20943.45,,,6836.95,,,1345.9,,,9388.62,,,7.75,2.84,17.39,,28.36,,,,,3.0,,,,
2016,Western Province,Ngororero,RW35,29.24,medium,interpolated,False,23.48,1251.0,0,0,175.7,103.31,496.1,110.47,0.56,515.6,106.16,0.52,17.36,18.54,0.37,16.97,0.02,17.04,0.3,413.23,8.64,district,214.64,7.14,368.67,7.26,161.71,18.1,381.14,10.46,,,6347.06,,,14659.24,,,25859.67,,,3464.44,,,9273.72,,,244.39,,,24861.67,,,106.17,7.99,11.87,,18.55,,,,,3.0,,,,
2016,Western Province,Rusizi,RW36,32.39,high,interpolated,False,35.91,1608.9,0,0,224.0,111.88,515.6,108.41,0.41,743.3,124.46,1.66,19.42,20.6,0.25,18.86,-0.18,19.48,0.19,450.33,4.57,district,228.65,0.43,235.49,-6.3,224.92,4.48,315.98,2.22,,,6269.72,,,15964.38,,,36458.79,,,581.19,,,2013.09,,,126.74,,,19835.85,,,94.61,7.05,28.07,,35.03,,,,,3.0,,,,
2016,Western Province,Nyamasheke,RW37,29.76,medium,interpolated,False,34.36,1566.0,0,0,215.3,110.17,516.8,109.03,0.41,713.5,119.25,1.45,18.75,19.6,0.3,18.38,-0.1,18.68,0.24,404.72,1.09,district,216.59,-2.86,247.58,-15.33,193.39,4.39,315.95,-0.3,,,4492.15,,,12265.9,,,17359.48,,,443.38,,,3980.88,,,6.04,,,13641.7,,,9.47,13.41,24.03,,37.93,,,,,3.0,,,,
2016,Northern Province,Rulindo,RW41,10.96,low,interpolated,False,8.14,1068.4,0,0,193.8,95.26,434.2,98.61,-0.07,440.0,99.23,-0.03,18.43,19.79,0.37,17.97,0.07,18.12,0.25,391.43,11.29,district,229.34,0.91,322.55,4.6,174.11,16.92,341.57,-1.51,,,4101.91,,,17906.19,,,20638.22,,,2982.04,,,7011.02,,,4524.04,,,27401.96,,,,3.57,23.39,,9.99,,,,,2.0,,,,
2016,Northern Province,Gakenke,RW42,20.34,medium,interpolated,False,23.0,1136.8,0,0,174.5,98.42,443.3,101.05,0.04,489.9,106.5,0.47,19.06,20.37,0.36,18.48,0.02,18.69,0.26,403.93,9.71,district,240.79,8.62,337.63,-16.82,184.67,12.52,340.83,-1.84,,,9202.83,,,21143.26,,,25225.71,,,4187.71,,,8598.04,,,352.39,,,42363.46,,,16.24,8.64,23.79,,36.91,,,,,3.0,,,,
2016,Northern Province,Musanze,RW43,17.08,medium,interpolated,False,19.89,1429.3,0,0,201.2,104.32,501.9,103.74,0.33,661.7,115.42,1.87,16.4,17.6,0.34,16.06,-0.05,16.15,0.26,428.43,13.44,district,232.07,4.09,329.48,2.88,168.88,13.76,396.76,16.06,,,9760.34,,,8939.53,,,758.94,,,11520.92,,,2895.15,,,1182.05,,,2628.54,,,,14.75,29.02,,46.76,,,,,3.0,,,,
2016,Northern Province,Burera,RW44,28.22,medium,interpolated,False,27.48,1161.0,0,0,175.7,98.73,440.5,103.4,0.35,512.5,104.1,0.5,17.47,18.69,0.35,17.02,-0.02,17.2,0.26,440.98,15.35,district,243.43,10.96,366.22,2.18,186.52,12.68,360.55,-2.99,,,12757.16,,,28084.69,,,487.02,,,19651.45,,,6375.32,,,5195.25,,,5017.42,,,,18.41,21.27,,27.81,,,,,3.0,,,,
2016,Northern Province,Gicumbi,RW45,14.35,low,interpolated,False,12.88,1063.8,0,0,206.7,96.15,437.3,100.95,0.2,433.0,96.76,-0.08,18.53,20.03,0.38,18.08,0.07,18.21,0.24,366.48,7.43,district,235.99,10.09,301.74,-14.66,198.03,12.75,305.9,2.14,,,3140.58,,,24840.93,,,14970.54,,,4476.72,,,9288.05,,,8210.31,,,18704.28,,,,3.55,20.92,,4.43,,,,,3.0,,,,
2016,Eastern Province,Rwamagana,RW51,11.11,low,interpolated,False,10.72,896.8,1,0,209.6,93.02,393.6,100.43,0.11,335.4,86.27,-0.63,21.31,22.76,0.35,20.66,0.05,20.83,0.09,409.37,23.98,district,241.84,16.78,287.77,-6.63,218.23,18.07,339.58,4.0,,,6321.79,,,11006.7,,,22386.49,,,2198.36,,,2569.44,,,6417.7,,,24819.98,,,378.46,6.27,26.96,,22.81,,,,,3.0,,,,
2016,Eastern Province,Nyagatare,RW52,13.08,low,interpolated,False,11.36,894.0,1,0,168.9,97.02,346.0,101.05,0.32,392.2,98.37,0.12,21.11,22.69,0.36,20.68,0.07,20.51,0.17,394.13,13.97,district,201.93,8.2,357.41,-10.41,212.99,9.66,338.7,-0.13,,,27298.02,,,39247.15,,,26195.53,,,1522.97,,,1913.1,,,26405.26,,,38808.77,,,630.98,1.48,29.4,,7.83,,,,,3.0,,,,
2016,Eastern Province,Gatsibo,RW53,13.36,low,interpolated,False,14.97,962.5,1,0,202.4,96.23,384.0,100.13,0.21,389.2,94.58,-0.15,21.07,22.6,0.35,20.58,0.06,20.57,0.15,407.92,11.9,district,253.97,9.07,277.26,-20.36,216.98,10.74,378.74,4.7,,,13018.25,,,31717.34,,,17605.99,,,2697.45,,,3204.33,,,16919.0,,,52298.06,,,148.13,5.91,27.42,,6.77,,,,,3.0,,,,
2016,Eastern Province,Kayonza,RW54,18.12,medium,interpolated,False,10.81,901.5,1,0,203.5,95.1,381.4,99.79,0.23,342.7,89.41,-0.45,21.65,23.03,0.31,21.1,-0.0,21.11,0.07,340.69,3.76,district,260.45,12.48,270.79,-27.27,206.86,9.96,287.36,-2.54,,,10738.81,,,36304.27,,,60236.07,,,4327.56,,,2277.49,,,18048.73,,,35791.18,,,,1.28,23.58,,4.46,,,,,3.0,,,,
2016,Eastern Province,Kirehe,RW55,18.43,medium,interpolated,False,16.36,949.3,0,0,227.1,98.84,407.9,103.74,0.45,350.5,91.32,-0.32,21.59,23.04,0.31,20.95,-0.05,21.1,0.04,385.56,14.27,district,222.32,7.23,299.54,-22.12,219.15,14.79,326.78,-7.16,,,11345.12,,,24069.15,,,34793.84,,,1817.49,,,1492.07,,,11465.81,,,28776.35,,,,1.46,21.21,,8.82,,,,,2.0,,,,
2016,Eastern Province,Ngoma,RW56,10.74,low,interpolated,False,9.44,958.6,0,0,219.1,95.09,407.0,101.88,0.2,355.6,86.94,-0.63,21.68,23.2,0.33,20.97,-0.01,21.23,0.04,397.22,20.57,district,224.17,-5.72,271.78,-25.43,222.16,13.83,361.39,-5.52,,,13237.61,,,35625.62,,,35775.02,,,2306.77,,,5517.66,,,7234.54,,,39854.81,,,2343.79,8.5,29.45,,17.44,,,,,3.0,,,,
2016,Eastern Province,Bugesera,RW57,22.01,medium,interpolated,False,28.58,876.0,0,0,159.0,93.87,352.3,97.0,-0.21,337.3,89.54,-0.47,21.58,23.19,0.31,20.87,0.0,21.12,0.04,376.19,6.01,district,235.01,4.61,299.12,-5.86,210.87,15.49,319.0,-3.44,,,8642.07,,,25647.0,,,40118.67,,,137.56,,,3406.23,,,8010.2,,,39020.97,,,1173.88,2.35,23.31,,7.82,,,,,3.0,,,,
2017,Kigali City,Nyarugenge,RW11,1.44,low,interpolated,False,1.93,959.5,2,0,198.5,93.35,411.5,103.34,0.09,405.0,99.98,0.03,20.67,22.02,0.53,20.7,0.88,20.23,0.34,496.13,20.31,national,335.95,38.33,427.33,36.18,249.78,28.51,397.34,14.86,966.94,,,744.61,,,2403.34,,,1908.11,,,3156.38,,,,,,3303.44,,,,,,3.43,,,3.26,1.75,0.39,1.27,0.1,2.0,,,,
2017,Kigali City,Gasabo,RW12,2.66,low,interpolated,False,3.27,969.2,2,0,195.3,95.47,410.0,102.71,0.25,430.2,105.39,0.39,20.54,21.85,0.57,20.53,0.85,20.16,0.41,496.13,20.31,national,335.95,38.33,427.33,36.18,249.78,28.51,397.34,14.86,1045.36,,,1015.37,,,2466.38,,,8015.99,,,5790.85,,,,,,3068.03,,,3980.71,,,3.28,17.62,,5.14,2.22,0.67,1.14,0.42,3.0,,,,
2017,Kigali City,Kicukiro,RW13,2.97,low,interpolated,False,3.77,886.0,2,0,170.6,90.22,375.0,98.22,-0.1,382.1,97.2,-0.08,21.34,22.75,0.55,21.3,0.86,20.91,0.36,496.13,20.31,national,335.95,38.33,427.33,36.18,249.78,28.51,397.34,14.86,1821.26,,,793.32,,,2471.84,,,5073.77,,,11104.28,,,,,,3032.88,,,,,,6.78,19.67,,10.22,81.92,6.88,4.35,70.69,2.0,,,,
2017,Southern Province,Nyanza,RW21,24.51,medium,interpolated,False,33.43,1064.4,2,0,196.1,99.07,448.4,108.44,0.4,431.5,101.84,0.2,20.14,21.27,0.44,20.17,0.78,19.87,0.27,462.42,12.86,province,347.8,32.87,425.86,28.86,236.14,19.86,397.68,20.13,1116.95,,,875.2,,,2488.24,,,2224.08,,,4565.91,,,858.85,,,4337.18,,,3089.45,,,4.66,21.39,,9.19,18.85,3.81,1.93,0.5,3.0,,,,
2017,Southern Province,Gisagara,RW22,22.48,medium,interpolated,False,20.43,1154.0,2,0,222.7,99.2,481.3,110.67,0.51,460.0,98.31,0.04,20.5,22.02,0.32,20.31,0.57,20.35,0.18,462.42,12.86,province,347.8,32.87,425.86,28.86,236.14,19.86,397.68,20.13,1350.27,,,670.55,,,2220.19,,,3044.56,,,3741.57,,,713.26,,,3251.88,,,3197.57,,,7.21,20.66,,19.89,58.12,12.47,15.07,30.58,3.0,,,,
2017,Southern Province,Nyaruguru,RW23,28.16,medium,interpolated,False,36.43,1376.6,0,0,264.9,98.07,534.8,105.94,0.24,573.7,102.19,0.23,18.16,19.19,0.49,18.21,0.71,18.07,0.43,462.42,12.86,province,347.8,32.87,425.86,28.86,236.14,19.86,397.68,20.13,1507.43,,,798.59,,,2478.57,,,7645.34,,,12281.57,,,,,,3688.14,,,,,,9.24,22.55,,34.2,109.87,74.13,12.7,23.04,3.0,,,,
2017,Southern Province,Huye,RW24,14.88,low,interpolated,False,15.87,1172.8,2,0,233.6,99.77,498.6,109.75,0.49,463.2,103.42,0.34,19.07,20.27,0.38,19.05,0.65,18.9,0.21,462.42,12.86,province,347.8,32.87,425.86,28.86,236.14,19.86,397.68,20.13,1222.65,,,540.24,,,3547.75,,,2853.73,,,2970.5,,,,,,3653.32,,,3638.46,,,4.32,19.7,,13.02,45.11,6.33,15.25,23.53,3.0,,,,
2017,Southern Province,Nyamagabe,RW25,34.16,high,interpolated,False,42.79,1316.8,1,0,222.7,97.53,505.3,103.63,0.09,556.7,104.02,0.33,17.6,18.48,0.51,17.76,0.76,17.51,0.42,484.05,19.02,district,358.45,42.35,437.8,11.87,231.19,19.9,400.12,29.43,1272.4,,,806.74,,,1592.9,,,4630.16,,,9594.61,,,1277.56,,,2658.66,,,,,,5.67,20.57,,20.69,44.05,16.73,9.04,18.28,3.0,,,,
2017,Southern Province,Ruhango,RW26,20.38,medium,interpolated,False,25.65,1039.5,1,0,197.0,100.06,445.8,111.9,0.61,420.9,103.06,0.29,19.99,21.19,0.5,20.1,0.86,19.64,0.35,462.42,12.86,province,347.8,32.87,425.86,28.86,236.14,19.86,397.68,20.13,1104.34,,,863.37,,,2780.17,,,2085.11,,,5864.89,,,550.08,,,4372.74,,,2962.0,,,3.76,18.64,,4.37,4.02,0.5,1.37,2.15,3.0,,,,
2017,Southern Province,Muhanga,RW27,12.14,low,interpolated,False,10.32,1176.2,0,0,213.4,105.3,477.3,113.16,0.71,515.4,116.19,1.09,19.86,21.31,0.58,19.91,0.86,19.43,0.46,462.42,12.86,province,347.8,32.87,425.86,28.86,236.14,19.86,397.68,20.13,1186.82,,,808.14,,,2425.27,,,12343.91,,,6806.8,,,2578.49,,,3756.45,,,3131.59,,,4.4,24.14,,5.5,3.59,2.41,0.58,0.6,3.0,,,,
2017,Southern Province,Kamonyi,RW28,19.34,medium,interpolated,False,11.01,994.2,2,0,192.0,98.11,422.6,107.2,0.35,425.5,106.35,0.4,20.03,21.34,0.51,20.09,0.88,19.58,0.31,462.42,12.86,province,347.8,32.87,425.86,28.86,236.14,19.86,397.68,20.13,1172.92,,,750.44,,,2341.4,,,3308.38,,,6789.15,,,1471.1,,,4040.36,,,,,,7.01,26.77,,12.49,9.02,4.88,4.05,0.08,3.0,,,,
2017,Western Province,Karongi,RW31,28.27,medium,interpolated,False,35.04,1236.5,0,0,186.3,102.08,467.7,110.59,0.56,530.7,108.28,0.61,19.09,19.99,0.56,19.37,0.77,18.92,0.55,496.13,20.31,national,335.95,38.33,427.33,36.18,249.78,28.51,397.34,14.86,1319.93,,,887.83,,,1866.45,,,6390.69,,,6255.8,,,628.41,,,3316.12,,,,,,6.47,18.18,,16.33,123.13,13.18,48.57,9.61,3.0,,,,
2017,Western Province,Rutsiro,RW32,51.69,high,interpolated,False,57.13,1323.7,0,0,196.7,109.21,518.5,121.74,1.2,550.9,113.73,1.15,19.03,19.94,0.56,19.37,0.72,18.85,0.59,496.13,20.31,national,335.95,38.33,427.33,36.18,249.78,28.51,397.34,14.86,1313.58,,,865.96,,,1850.2,,,10753.16,,,6192.09,,,528.3,,,4643.95,,,,,,11.36,20.74,,17.57,63.08,5.55,4.72,52.81,3.0,,,,
2017,Western Province,Rubavu,RW33,23.37,medium,interpolated,False,26.33,1365.0,0,1,198.7,113.93,516.1,126.9,1.6,589.9,118.98,2.23,17.64,18.63,0.56,18.02,0.75,17.48,0.61,496.13,20.31,national,335.95,38.33,427.33,36.18,249.78,28.51,397.34,14.86,1257.1,,,1092.82,,,927.94,,,18764.23,,,8477.0,,,938.57,,,4387.68,,,,,,18.79,38.98,,63.76,771.64,109.98,15.0,646.67,3.0,,,,
2017,Western Province,Nyabihu,RW34,30.32,high,interpolated,False,39.26,1509.3,0,1,228.2,115.78,598.0,127.07,1.73,661.2,123.59,2.66,16.15,17.11,0.59,16.47,0.83,15.96,0.58,496.13,20.31,national,335.95,38.33,427.33,36.18,249.78,28.51,397.34,14.86,1599.14,,,1049.89,,,1122.91,,,15290.35,,,4741.88,,,800.45,,,2935.77,,,,,,7.65,18.07,,47.04,253.86,14.69,20.37,218.81,3.0,,,,
2017,Western Province,Ngororero,RW35,35.01,high,interpolated,False,23.48,1331.2,0,0,206.7,109.93,536.7,119.51,1.13,575.6,118.51,1.46,17.61,18.71,0.62,17.8,0.85,17.32,0.58,496.13,20.31,national,335.95,38.33,427.33,36.18,249.78,28.51,397.34,14.86,1517.47,,,812.95,,,1245.24,,,3262.37,,,5559.43,,,1822.55,,,3075.88,,,,,,3.33,20.63,,9.22,90.42,85.77,2.4,2.09,3.0,,,,
2017,Western Province,Rusizi,RW36,28.88,medium,interpolated,False,35.91,1418.3,0,0,230.2,98.62,508.0,106.81,0.3,601.0,100.64,-0.09,19.65,20.77,0.48,19.65,0.61,19.85,0.56,496.13,20.31,national,335.95,38.33,427.33,36.18,249.78,28.51,397.34,14.86,1314.24,,,639.52,,,1547.32,,,4713.71,,,5071.9,,,1343.4,,,3027.18,,,4369.68,,,9.09,22.12,,29.33,96.05,16.31,35.36,43.63,3.0,,,,
2017,Western Province,Nyamasheke,RW37,25.17,medium,interpolated,False,34.36,1412.7,0,0,215.2,99.38,510.7,107.74,0.32,608.8,101.75,0.02,18.94,19.89,0.49,19.18,0.7,18.97,0.53,496.13,20.31,national,335.95,38.33,427.33,36.18,249.78,28.51,397.34,14.86,1335.32,,,829.82,,,2280.93,,,5201.86,,,4337.63,,,723.71,,,4040.18,,,3904.69,,,3.92,20.69,,21.49,34.36,14.39,4.26,15.71,3.0,,,,
2017,Northern Province,Rulindo,RW41,13.79,low,interpolated,False,8.14,1137.0,1,0,209.7,101.37,471.8,107.15,0.52,520.1,117.3,1.09,18.65,19.71,0.58,18.74,0.84,18.31,0.44,515.42,29.13,province,327.81,37.93,450.73,38.22,249.58,36.25,390.62,13.5,1170.82,,,751.35,,,1521.43,,,4749.64,,,3238.85,,,,,,3391.93,,,,,,2.45,26.17,,5.43,5.66,2.55,2.0,1.11,2.0,,,,
2017,Northern Province,Gakenke,RW42,17.68,medium,interpolated,False,23.0,1269.7,0,1,213.6,109.93,506.1,115.36,0.97,585.4,127.26,1.96,19.3,20.62,0.6,19.28,0.81,18.94,0.52,515.42,29.13,province,327.81,37.93,450.73,38.22,249.58,36.25,390.62,13.5,1463.62,,,837.72,,,1302.08,,,7579.05,,,4790.44,,,1365.27,,,3559.78,,,,,,6.28,19.07,,22.16,64.12,34.9,25.55,3.59,3.0,,,,
2017,Northern Province,Musanze,RW43,14.28,low,interpolated,False,19.89,1571.7,0,1,270.6,114.71,607.5,125.57,1.99,712.6,124.3,2.72,16.62,17.54,0.56,16.89,0.78,16.44,0.56,515.42,29.13,province,327.81,37.93,450.73,38.22,249.58,36.25,390.62,13.5,1512.56,,,1544.48,,,1024.32,,,9619.35,,,9781.2,,,2516.62,,,4822.89,,,,,,10.92,34.9,,42.9,179.15,13.85,75.91,85.9,3.0,,,,
2017,Northern Province,Burera,RW44,28.96,medium,interpolated,False,27.48,1271.3,0,0,213.9,108.11,493.9,115.94,1.36,599.9,121.86,2.01,17.73,18.63,0.61,17.85,0.81,17.48,0.55,515.42,29.13,province,327.81,37.93,450.73,38.22,249.58,36.25,390.62,13.5,1525.6,,,1022.9,,,2618.99,,,8089.21,,,9418.87,,,2098.15,,,6800.51,,,,,,7.13,18.43,,19.3,51.07,7.42,5.67,37.98,3.0,,,,
2017,Northern Province,Gicumbi,RW45,15.83,medium,interpolated,False,12.88,1100.9,1,0,207.3,99.5,457.3,105.56,0.53,511.8,114.37,1.06,18.79,19.77,0.64,18.84,0.84,18.47,0.5,515.42,40.64,district,327.81,38.91,450.73,49.38,249.58,26.03,390.62,27.7,1560.88,,,1063.8,,,1556.83,,,7418.91,,,10522.91,,,,,,3825.37,,,,,,3.44,19.42,,9.9,24.84,11.5,10.65,2.7,3.0,,,,
2017,Eastern Province,Rwamagana,RW51,11.49,low,interpolated,False,10.72,851.3,2,0,163.5,88.3,368.2,93.95,-0.31,365.5,94.01,-0.2,21.56,22.97,0.6,21.42,0.81,21.18,0.44,479.64,22.05,province,340.83,46.11,435.71,45.58,253.93,18.08,356.19,5.16,1543.76,,,1027.78,,,2513.41,,,6071.94,,,6455.72,,,738.1,,,4604.69,,,2944.39,,,7.69,22.17,,21.34,43.2,11.84,24.96,6.4,3.0,,,,
2017,Eastern Province,Nyagatare,RW52,14.79,low,interpolated,False,11.36,897.0,1,0,167.1,97.34,364.1,106.34,0.7,420.6,105.49,0.64,21.44,22.5,0.68,21.53,0.92,20.94,0.61,479.64,22.05,province,340.83,46.11,435.71,45.58,253.93,18.08,356.19,5.16,1903.67,,,858.57,,,2283.64,,,6401.21,,,5898.49,,,1460.65,,,5442.99,,,2964.49,,,5.09,14.76,,12.5,20.9,7.98,9.91,2.91,3.0,,,,
2017,Eastern Province,Gatsibo,RW53,11.76,low,interpolated,False,14.97,932.3,1,0,183.5,93.21,380.6,99.24,0.15,422.1,102.58,0.34,21.38,22.45,0.65,21.36,0.85,20.95,0.53,479.64,17.58,district,340.83,34.2,435.71,57.15,253.93,17.03,356.19,-5.96,1826.65,,,1179.03,,,2201.17,,,6723.26,,,8924.15,,,1179.4,,,4898.77,,,3198.73,,,5.93,26.99,,9.8,11.04,3.29,3.21,4.08,3.0,,,,
2017,Eastern Province,Kayonza,RW54,25.43,medium,interpolated,False,10.81,867.8,1,0,169.3,91.55,373.3,97.67,0.09,368.4,96.11,-0.05,21.96,23.09,0.62,21.92,0.82,21.53,0.49,479.64,22.05,province,340.83,46.11,435.71,45.58,253.93,18.08,356.19,5.16,1543.88,,,630.66,,,2623.17,,,3605.33,,,3515.61,,,890.27,,,4343.73,,,5630.46,,,4.35,21.4,,8.93,16.08,2.96,5.25,7.63,3.0,,,,
2017,Eastern Province,Kirehe,RW55,20.51,medium,interpolated,False,16.36,861.5,0,0,211.5,89.7,425.2,108.14,0.76,312.1,81.32,-0.93,21.92,23.3,0.63,21.8,0.8,21.6,0.54,479.64,22.05,province,340.83,46.11,435.71,45.58,253.93,18.08,356.19,5.16,1500.05,,,544.9,,,1460.33,,,3253.17,,,3416.74,,,733.23,,,4359.78,,,3419.39,,,6.08,20.55,,12.43,10.96,6.25,2.6,1.46,2.0,,,,
2017,Eastern Province,Ngoma,RW56,12.05,low,interpolated,False,9.44,866.7,2,0,189.7,85.97,400.1,100.15,0.09,342.4,83.72,-0.82,21.95,23.39,0.59,21.76,0.78,21.66,0.48,479.64,22.05,province,340.83,46.11,435.71,45.58,253.93,18.08,356.19,5.16,1632.31,,,652.54,,,1887.7,,,4353.0,,,3065.92,,,452.93,,,4879.71,,,2690.03,,,6.81,21.92,,13.43,14.4,6.35,3.76,4.29,3.0,,,,
2017,Eastern Province,Bugesera,RW57,15.43,medium,interpolated,False,28.58,819.9,2,0,164.8,87.86,357.3,98.38,-0.12,332.2,88.19,-0.54,21.79,23.23,0.52,21.66,0.8,21.45,0.37,479.64,22.05,province,340.83,46.11,435.71,45.58,253.93,18.08,356.19,5.16,1433.24,,,622.35,,,1512.83,,,,,,5109.28,,,1164.44,,,5188.82,,,,,,3.81,21.38,,14.96,59.57,43.99,0.66,14.91,3.0,,,,
2018,Kigali City,Nyarugenge,RW11,1.19,low,cari_survey,True,1.93,1003.5,0,0,138.0,97.63,348.5,87.52,-0.77,445.5,109.97,0.55,20.23,21.45,0.09,19.7,-0.12,19.99,0.1,405.69,-18.23,national,311.79,-7.19,458.43,7.28,221.25,-11.42,418.23,5.26,742.07,,,794.07,,,3392.1,,,3695.82,,,5238.1,,,753.58,,,5730.75,,,,,,6.34,32.28,,5.56,57.97,1.55,21.31,0.46,3.0,-23.26,6.64,41.14,93.69
2018,Kigali City,Gasabo,RW12,2.35,low,cari_survey,True,3.27,977.3,0,0,136.1,96.27,353.6,88.58,-0.62,434.9,106.54,0.45,20.13,21.46,0.16,19.59,-0.09,19.89,0.14,405.69,-18.23,national,311.79,-7.19,458.43,7.28,221.25,-11.42,418.23,5.26,1106.4,,,900.94,,,5663.8,,,5256.38,,,6443.95,,,1199.64,,,4613.02,,,,,,7.11,39.1,,9.48,6.8,2.65,2.78,1.37,3.0,5.84,-11.27,129.64,-34.43
2018,Kigali City,Kicukiro,RW13,2.57,low,cari_survey,True,3.77,962.7,0,0,144.4,98.03,338.8,88.74,-0.63,430.1,109.41,0.53,20.93,22.38,0.14,20.35,-0.09,20.66,0.11,405.69,-18.23,national,311.79,-7.19,458.43,7.28,221.25,-11.42,418.23,5.26,1329.5,,,666.91,,,3413.62,,,1344.48,,,5469.59,,,1112.56,,,7379.64,,,,,,5.55,27.42,,12.36,20.58,5.88,6.94,7.77,3.0,-27.0,-15.93,38.1,-73.5
2018,Southern Province,Nyanza,RW21,20.05,medium,cari_survey,True,33.43,1136.7,0,0,169.3,105.8,421.6,101.96,0.0,466.7,110.15,0.67,19.72,20.75,0.02,19.18,-0.21,19.63,0.03,369.07,-20.19,province,301.57,-13.29,438.88,3.06,222.77,-5.66,414.33,4.19,1602.8,,,943.55,,,5374.98,,,2871.63,,,5454.92,,,1258.96,,,5507.98,,,3366.14,,,8.81,43.42,,12.11,34.45,5.01,3.52,20.21,3.0,43.5,7.81,116.02,29.12
2018,Southern Province,Gisagara,RW22,23.51,medium,cari_survey,True,20.43,1230.0,0,0,171.6,105.73,452.4,104.02,0.14,510.3,109.06,0.71,20.21,21.44,0.02,19.5,-0.24,20.16,-0.01,351.26,,district,291.53,,432.53,,232.6,,437.36,,1600.03,,,927.13,,,4121.07,,,3303.8,,,4292.73,,,832.79,,,3018.22,,,2791.2,,,12.54,47.39,,23.71,41.68,6.62,14.4,20.66,3.0,18.5,38.26,85.62,8.51
2018,Southern Province,Nyaruguru,RW23,24.02,medium,cari_survey,True,36.43,1385.3,0,0,181.0,98.69,510.6,101.15,-0.04,548.0,97.61,-0.09,17.75,18.32,0.08,17.5,0.0,17.74,0.09,369.07,-20.19,province,301.57,-13.29,438.88,3.06,222.77,-5.66,414.33,4.19,1911.23,,,1200.35,,,6325.02,,,4310.25,,,7629.7,,,1260.44,,,3015.98,,,,,,7.61,36.45,,29.27,76.08,48.9,11.97,10.86,3.0,26.79,50.31,155.19,-43.62
2018,Southern Province,Huye,RW24,14.38,low,cari_survey,True,15.87,1227.8,0,0,191.3,104.45,474.1,104.36,0.18,478.2,106.76,0.55,18.71,19.64,0.01,18.2,-0.2,18.69,0.0,369.07,-20.19,province,301.57,-13.29,438.88,3.06,222.77,-5.66,414.33,4.19,1648.39,,,1007.36,,,3247.74,,,2542.26,,,6892.39,,,943.17,,,2829.59,,,2978.12,,,7.06,39.4,,23.17,52.56,2.33,16.43,32.86,3.0,34.82,86.47,-8.46,-10.91
2018,Southern Province,Nyamagabe,RW25,29.84,medium,cari_survey,True,42.79,1273.6,0,0,166.4,94.33,446.8,91.63,-0.68,530.2,99.07,-0.04,17.15,17.72,0.06,16.9,-0.11,17.13,0.05,395.21,-18.35,district,318.85,-11.05,447.6,2.24,208.96,-9.62,378.02,-5.52,1178.32,,,924.23,,,7976.97,,,8629.72,,,5928.06,,,1157.28,,,5598.11,,,,,,3.1,35.73,,20.41,44.44,17.75,13.29,13.4,3.0,-7.39,14.56,400.78,86.38
2018,Southern Province,Ruhango,RW26,17.74,medium,cari_survey,True,25.65,1057.1,0,0,143.1,101.75,378.3,94.95,-0.42,444.1,108.74,0.62,19.51,20.49,0.02,19.08,-0.15,19.37,0.07,369.07,-20.19,province,301.57,-13.29,438.88,3.06,222.77,-5.66,414.33,4.19,872.18,,,726.87,,,11951.47,,,3201.88,,,4662.88,,,982.48,,,4347.19,,,3153.07,,,4.53,31.34,,7.2,8.5,0.52,3.7,4.28,3.0,-21.02,-15.81,329.88,53.56
2018,Southern Province,Muhanga,RW27,13.05,low,cari_survey,True,10.32,1113.5,0,0,158.2,99.69,386.4,91.61,-0.57,491.9,110.89,0.76,19.32,20.28,0.04,18.99,-0.05,19.07,0.1,369.07,-20.19,province,301.57,-13.29,438.88,3.06,222.77,-5.66,414.33,4.19,969.37,,,746.3,,,4198.85,,,1734.53,,,6024.09,,,1393.99,,,5422.75,,,1726.39,,,2.74,28.28,,6.15,5.33,1.91,1.55,1.88,3.0,-18.32,-7.65,73.13,-85.95
2018,Southern Province,Kamonyi,RW28,23.5,medium,cari_survey,True,11.01,1029.0,0,0,141.1,101.54,367.8,93.3,-0.43,453.0,113.22,0.77,19.57,20.66,0.05,19.07,-0.15,19.37,0.09,369.07,-20.19,province,301.57,-13.29,438.88,3.06,222.77,-5.66,414.33,4.19,1019.68,,,695.48,,,5688.26,,,4208.86,,,6392.35,,,973.63,,,6683.04,,,3022.18,,,7.21,33.89,,6.21,4.39,2.15,1.69,0.54,3.0,-13.06,-7.32,142.94,27.22
2018,Western Province,Karongi,RW31,24.89,medium,cari_survey,True,35.04,1126.4,0,0,162.0,92.99,356.9,84.39,-1.14,513.9,104.86,0.36,18.63,19.23,0.1,18.66,0.06,18.49,0.12,451.89,,district,329.95,,486.17,,215.14,,435.97,,1068.68,,,754.42,,,5105.33,,,5417.4,,,6697.91,,,1053.69,,,6208.98,,,,,,8.77,29.83,,19.68,19.33,11.45,5.1,2.79,3.0,-19.04,-15.03,173.53,-15.23
2018,Western Province,Rutsiro,RW32,48.97,high,cari_survey,True,57.13,1124.4,0,0,167.9,92.76,351.4,82.51,-1.18,506.2,104.5,0.42,18.64,19.11,0.16,18.81,0.17,18.45,0.19,451.89,,province,329.95,,486.17,,215.14,,435.97,,1277.54,,,755.72,,,5285.0,,,7336.14,,,5250.79,,,636.59,,,8640.85,,,,,,9.91,32.71,,34.15,91.67,11.74,9.95,69.98,3.0,-2.74,-12.73,185.65,-31.78
2018,Western Province,Rubavu,RW33,21.89,medium,cari_survey,True,26.33,1127.3,0,0,179.8,94.09,316.2,77.75,-1.39,528.5,106.6,0.93,17.25,17.73,0.17,17.39,0.12,17.1,0.23,451.89,,province,329.95,,486.17,,215.14,,435.97,,1352.08,,,996.11,,,5053.39,,,12258.71,,,2958.66,,,1421.46,,,5825.44,,,,,,16.48,41.15,,50.51,171.02,3.82,9.54,157.66,3.0,7.56,-8.85,444.58,-34.67
2018,Western Province,Nyabihu,RW34,25.85,medium,cari_survey,True,39.26,1251.2,0,0,190.8,95.98,387.9,82.43,-1.17,574.3,107.35,1.05,15.68,16.08,0.13,15.69,0.04,15.53,0.15,451.89,,province,329.95,,486.17,,215.14,,435.97,,1702.07,,,1145.72,,,5953.82,,,10815.83,,,4952.74,,,1072.89,,,4440.88,,,,,,8.84,46.33,,50.58,234.39,11.08,6.84,216.46,3.0,6.44,9.13,430.21,-29.26
2018,Western Province,Ngororero,RW35,40.77,high,cari_survey,True,23.48,1156.6,0,0,171.8,95.52,385.1,85.75,-1.0,517.3,106.51,0.55,17.06,17.86,0.08,16.97,0.03,16.85,0.11,451.89,,province,329.95,,486.17,,215.14,,435.97,,1241.69,,,725.31,,,6192.22,,,4985.44,,,5158.17,,,1090.8,,,3570.49,,,3531.62,,,6.74,22.86,,13.69,29.7,5.86,3.56,20.28,3.0,-18.17,-10.78,397.27,52.82
2018,Western Province,Rusizi,RW36,25.36,medium,cari_survey,True,35.91,1343.3,0,0,184.1,93.41,416.7,87.62,-1.06,589.8,98.76,-0.23,19.36,19.88,0.19,19.16,0.13,19.48,0.19,451.89,,province,329.95,,486.17,,215.14,,435.97,,1357.01,,,708.79,,,3191.87,,,5263.06,,,4601.32,,,707.99,,,3399.83,,,4048.41,,,6.22,38.21,,31.7,85.86,14.53,26.26,44.92,3.0,3.25,10.83,106.28,11.65
2018,Western Province,Nyamasheke,RW37,20.57,medium,cari_survey,True,34.36,1334.3,0,0,188.8,93.87,415.2,87.59,-1.04,601.1,100.47,-0.09,18.6,19.04,0.15,18.52,0.04,18.56,0.12,451.89,,province,329.95,,486.17,,215.14,,435.97,,1001.13,,,832.88,,,6429.64,,,1560.74,,,5631.51,,,1471.2,,,6357.31,,,3596.81,,,5.17,28.4,,36.52,55.72,14.95,12.61,28.12,3.0,-25.03,0.37,181.89,-70.0
2018,Northern Province,Rulindo,RW41,16.61,medium,cari_survey,True,8.14,1093.9,0,0,157.0,97.53,406.5,92.32,-0.5,472.2,106.5,0.42,18.2,19.15,0.13,17.8,-0.1,18.02,0.15,417.62,-18.97,province,316.56,-3.43,460.56,2.18,216.88,-13.11,418.68,7.18,1653.57,,,781.86,,,7712.69,,,5832.13,,,5662.66,,,901.57,,,5448.02,,,,,,7.21,38.55,,18.27,25.06,11.38,4.88,8.8,3.0,41.23,4.06,406.94,22.79
2018,Northern Province,Gakenke,RW42,15.02,medium,cari_survey,True,23.0,1135.2,0,0,155.1,98.29,392.7,89.51,-0.72,493.7,107.33,0.53,18.8,19.87,0.1,18.42,-0.04,18.57,0.15,417.62,-18.97,province,316.56,-3.43,460.56,2.18,216.88,-13.11,418.68,7.18,1526.91,,,970.22,,,5112.35,,,5237.46,,,6125.56,,,1127.11,,,6409.83,,,,,,13.76,42.92,,32.85,53.75,38.95,12.12,2.67,3.0,4.32,15.82,292.63,-30.9
2018,Northern Province,Musanze,RW43,11.47,low,cari_survey,True,19.89,1325.9,0,0,205.5,96.77,379.2,78.38,-1.6,631.6,110.17,1.37,16.19,16.74,0.12,16.1,-0.0,16.02,0.13,417.62,-18.97,province,316.56,-3.43,460.56,2.18,216.88,-13.11,418.68,7.18,1412.47,,,1359.34,,,3167.76,,,9051.08,,,5919.25,,,2485.97,,,5511.99,,,,,,10.06,38.05,,39.73,195.11,15.44,6.62,147.85,3.0,-6.62,-11.99,209.25,-5.91
2018,Northern Province,Burera,RW44,29.7,medium,cari_survey,True,27.48,1155.0,0,0,191.3,98.22,355.1,83.36,-1.28,551.5,112.03,1.17,17.24,18.11,0.12,16.96,-0.08,17.09,0.16,417.62,-18.97,province,316.56,-3.43,460.56,2.18,216.88,-13.11,418.68,7.18,1269.46,,,1219.18,,,3129.48,,,9266.64,,,5377.97,,,1630.02,,,5471.19,,,,,,7.58,44.39,,33.65,82.4,9.81,2.79,69.8,3.0,-16.79,19.19,19.49,14.56
2018,Northern Province,Gicumbi,RW45,17.3,medium,cari_survey,True,12.88,1067.2,0,0,165.2,96.46,382.3,88.25,-0.71,474.9,106.12,0.52,18.36,19.39,0.2,17.92,-0.09,18.18,0.21,417.62,-18.97,district,316.56,-3.43,460.56,2.18,216.88,-13.11,418.68,7.18,1758.24,,,1008.41,,,4990.16,,,8841.81,,,8049.74,,,1103.93,,,5377.82,,,,,,7.66,40.08,,17.24,40.68,9.16,9.08,22.44,3.0,12.64,-5.21,220.53,19.18
2018,Eastern Province,Rwamagana,RW51,11.88,low,cari_survey,True,10.72,911.9,0,0,135.8,94.59,346.2,88.34,-0.66,389.6,100.21,0.14,21.17,22.84,0.21,20.55,-0.06,20.89,0.15,397.81,-17.06,province,296.77,-12.93,462.5,6.15,227.71,-10.33,389.9,9.46,2683.87,,,921.04,,,7190.13,,,5765.02,,,5704.52,,,1200.46,,,5780.71,,,3431.04,,,10.75,44.66,,24.34,41.58,17.76,11.03,12.76,3.0,73.85,-10.39,186.07,-5.05
2018,Eastern Province,Nyagatare,RW52,16.51,medium,cari_survey,True,11.36,883.6,0,0,131.6,95.89,301.0,87.91,-0.61,404.5,101.45,0.35,21.07,22.0,0.31,20.48,-0.14,20.71,0.37,397.81,-17.06,province,296.77,-12.93,462.5,6.15,227.71,-10.33,389.9,9.46,1440.05,,,791.73,,,2517.12,,,3540.11,,,5005.69,,,1241.75,,,5189.25,,,2242.26,,,8.54,49.84,,18.91,35.56,18.68,12.6,4.27,3.0,-24.35,-7.79,10.22,-44.7
2018,Eastern Province,Gatsibo,RW53,10.15,low,cari_survey,True,14.97,975.7,0,0,131.2,97.55,358.7,93.53,-0.24,420.8,102.26,0.32,21.02,22.19,0.3,20.46,-0.05,20.73,0.31,397.81,-17.06,district,296.77,-12.93,462.5,6.15,227.71,-10.33,389.9,9.46,1728.73,,,914.96,,,3253.04,,,5647.66,,,5374.66,,,1182.78,,,5112.25,,,3181.99,,,8.79,58.9,,14.73,23.85,12.17,7.99,3.07,3.0,-5.36,-22.4,47.79,-16.0
2018,Eastern Province,Kayonza,RW54,32.74,high,cari_survey,True,10.81,939.3,0,1,152.4,99.09,363.5,95.11,-0.08,390.3,101.83,0.29,21.62,23.05,0.28,21.13,0.03,21.25,0.21,397.81,-17.06,province,296.77,-12.93,462.5,6.15,227.71,-10.33,389.9,9.46,1143.16,,,625.27,,,6319.07,,,3275.83,,,4595.28,,,984.28,,,4875.95,,,4756.82,,,5.52,33.32,,10.97,19.22,1.81,4.98,12.43,3.0,-25.96,-0.85,140.89,-9.14
2018,Eastern Province,Kirehe,RW55,22.58,medium,cari_survey,True,16.36,937.9,0,1,141.1,97.66,346.4,88.1,-0.65,399.1,103.99,0.45,21.52,23.21,0.24,21.04,0.05,21.2,0.13,397.81,-17.06,province,296.77,-12.93,462.5,6.15,227.71,-10.33,389.9,9.46,1062.8,,,753.8,,,3334.24,,,4141.46,,,5266.23,,,845.12,,,4963.61,,,4208.54,,,6.34,38.02,,11.97,13.05,3.79,3.54,2.54,3.0,-29.15,38.34,128.32,27.31
2018,Eastern Province,Ngoma,RW56,13.35,low,cari_survey,True,9.44,965.9,0,0,150.7,95.81,348.2,87.16,-0.79,414.8,101.42,0.26,21.55,23.3,0.2,20.93,-0.04,21.29,0.1,397.81,-17.06,province,296.77,-12.93,462.5,6.15,227.71,-10.33,389.9,9.46,1115.33,,,600.69,,,3745.3,,,4252.86,,,5236.46,,,1098.02,,,3971.64,,,3381.4,,,8.8,40.41,,17.14,19.22,8.68,4.95,1.56,2.0,-31.67,-7.95,98.41,-2.3
2018,Eastern Province,Bugesera,RW57,8.86,low,cari_survey,True,28.58,948.0,0,0,148.7,101.59,338.6,93.23,-0.45,410.7,109.03,0.62,21.39,22.89,0.13,20.75,-0.11,21.15,0.07,397.81,-17.06,province,296.77,-12.93,462.5,6.15,227.71,-10.33,389.9,9.46,1567.05,,,798.0,,,5349.73,,,2350.81,,,5439.69,,,913.33,,,4718.25,,,3467.11,,,13.54,51.51,,16.59,44.42,6.06,17.1,21.26,3.0,9.34,28.22,253.62,
2019,Kigali City,Nyarugenge,RW11,2.59,low,interpolated,False,1.19,1294.5,0,3,281.5,125.94,651.5,163.61,3.35,411.5,101.58,0.12,19.9,20.69,-0.25,19.45,-0.37,19.75,-0.15,372.65,-8.14,national,203.86,-34.62,370.37,-19.21,232.19,4.95,335.8,-19.71,771.88,,,793.52,,,11396.35,,,2223.56,,,5281.38,,,1084.02,,,10420.78,,,,,,6.73,31.73,,6.82,3.28,0.53,2.64,0.11,3.0,4.02,-0.07,235.97,-39.84
2019,Kigali City,Gasabo,RW12,3.34,low,interpolated,False,2.35,1292.4,1,3,295.1,127.3,667.5,167.21,4.19,394.2,96.57,-0.08,19.74,20.6,-0.23,19.3,-0.38,19.64,-0.11,372.65,-8.14,national,203.86,-34.62,370.37,-19.21,232.19,4.95,335.8,-19.71,2476.14,,,1011.53,,,11781.74,,,4036.71,,,5835.27,,,1285.56,,,16819.49,,,3304.0,,,10.47,26.76,,9.97,11.07,1.85,2.83,6.17,3.0,123.8,12.27,108.02,-23.2
2019,Kigali City,Kicukiro,RW13,2.92,low,interpolated,False,2.57,1243.3,1,3,290.6,126.61,634.6,166.21,3.71,380.7,96.85,-0.1,20.53,21.4,-0.26,20.02,-0.41,20.42,-0.13,372.65,-8.14,national,203.86,-34.62,370.37,-19.21,232.19,4.95,335.8,-19.71,1580.83,,,1306.43,,,16238.9,,,3091.61,,,9603.29,,,994.73,,,14548.64,,,4040.58,,,7.03,31.94,,18.1,16.23,8.37,5.17,2.69,2.0,18.9,95.89,375.71,129.95
2019,Southern Province,Nyanza,RW21,22.87,medium,interpolated,False,20.05,1379.0,0,2,297.6,128.35,640.5,154.9,3.25,466.3,110.05,0.66,19.42,20.24,-0.28,18.98,-0.41,19.42,-0.18,357.46,-3.15,province,209.15,-30.65,327.17,-25.45,235.72,5.81,340.5,-17.82,2072.98,,,781.02,,,18417.27,,,2484.11,,,8226.4,,,895.55,,,11640.58,,,3140.36,,,9.08,35.08,,13.3,12.97,5.17,3.75,4.04,3.0,29.33,-17.22,242.65,-13.49
2019,Southern Province,Gisagara,RW22,25.13,medium,interpolated,False,23.51,1475.1,0,2,334.2,126.8,657.1,151.09,2.76,518.8,110.88,0.83,19.79,20.84,-0.39,19.18,-0.56,19.97,-0.2,341.09,-2.9,district,189.04,-35.16,325.0,-24.86,244.53,5.13,368.63,-15.72,2069.53,,,758.21,,,11841.65,,,3252.81,,,5548.59,,,704.0,,,8938.48,,,3771.06,,,12.94,36.45,,26.95,30.55,9.68,7.73,7.25,3.0,29.34,-18.22,187.34,-1.54
2019,Southern Province,Nyaruguru,RW23,25.65,medium,interpolated,False,24.02,1648.0,0,2,323.0,117.4,733.1,145.23,2.58,612.9,109.17,0.71,17.53,18.4,-0.14,17.01,-0.49,17.65,0.01,357.46,-3.15,province,209.15,-30.65,327.17,-25.45,235.72,5.81,340.5,-17.82,937.6,,,897.12,,,11589.93,,,5375.95,,,7483.87,,,991.47,,,11943.03,,,0.0,,,8.72,31.35,,45.35,30.46,19.16,6.95,4.34,3.0,-50.94,-25.26,83.24,24.72
2019,Southern Province,Huye,RW24,17.33,medium,interpolated,False,14.38,1455.5,0,2,317.7,123.82,677.8,149.2,2.76,484.3,108.13,0.64,18.4,19.24,-0.29,17.93,-0.48,18.52,-0.17,357.46,-3.15,province,209.15,-30.65,327.17,-25.45,235.72,5.81,340.5,-17.82,1649.7,,,708.75,,,16506.92,,,2798.14,,,6688.89,,,1153.59,,,11872.69,,,3227.17,,,9.35,26.35,,17.54,21.15,4.92,6.79,8.02,3.0,0.08,-29.64,408.26,10.06
2019,Southern Province,Nyamagabe,RW25,28.4,medium,interpolated,False,29.84,1539.1,0,1,308.0,114.0,704.6,144.5,2.71,558.8,104.41,0.36,16.95,17.59,-0.14,16.65,-0.35,17.05,-0.04,373.62,-5.46,district,224.73,-29.52,328.75,-26.55,228.06,9.14,315.17,-16.63,1063.44,,,769.87,,,11654.41,,,7395.08,,,7413.07,,,848.4,,,8786.13,,,,,,5.99,26.45,,36.53,40.13,18.91,11.28,9.93,3.0,-9.75,-16.7,46.1,-14.31
2019,Southern Province,Ruhango,RW26,17.38,medium,interpolated,False,17.74,1329.5,0,2,293.9,127.97,636.0,159.64,3.5,443.6,108.62,0.61,19.26,20.01,-0.23,18.86,-0.38,19.16,-0.14,357.46,-3.15,province,209.15,-30.65,327.17,-25.45,235.72,5.81,340.5,-17.82,761.48,,,691.72,,,15615.3,,,2209.73,,,6244.56,,,1041.01,,,9723.45,,,4307.05,,,4.7,29.57,,2.38,4.82,0.69,1.47,1.35,3.0,-12.69,-4.84,30.66,-30.99
2019,Southern Province,Muhanga,RW27,13.72,low,interpolated,False,13.05,1368.4,0,3,284.6,122.51,647.5,153.51,3.13,475.4,107.17,0.52,19.07,19.72,-0.21,18.62,-0.42,18.86,-0.11,357.46,-3.15,province,209.15,-30.65,327.17,-25.45,235.72,5.81,340.5,-17.82,1132.15,,,586.06,,,16269.07,,,2711.18,,,5706.49,,,1190.68,,,8616.33,,,3937.67,,,4.3,25.73,,7.88,5.65,2.23,2.16,0.93,3.0,16.79,-21.47,287.46,56.31
2019,Southern Province,Kamonyi,RW28,20.02,medium,interpolated,False,23.5,1280.9,0,3,277.2,126.4,633.8,160.78,3.37,427.0,106.72,0.42,19.25,20.04,-0.27,18.83,-0.38,19.08,-0.19,357.46,-3.15,province,209.15,-30.65,327.17,-25.45,235.72,5.81,340.5,-17.82,1808.11,,,672.8,,,18382.03,,,3090.12,,,5000.29,,,1204.04,,,10394.2,,,3175.21,,,8.72,31.29,,5.09,6.8,2.87,2.83,1.1,3.0,77.32,-3.26,223.16,-26.58
2019,Western Province,Karongi,RW31,30.31,high,interpolated,False,24.89,1354.1,0,1,248.0,111.79,597.0,141.17,2.53,512.5,104.57,0.34,18.48,19.11,-0.05,18.25,-0.35,18.45,0.09,411.21,-9.0,district,228.3,-30.81,345.01,-29.04,228.22,6.08,351.23,-19.44,1187.86,,,710.6,,,10412.57,,,4893.31,,,6330.24,,,943.26,,,9730.3,,,,,,8.62,25.48,,29.74,17.31,11.05,5.71,0.56,3.0,11.15,-5.81,103.95,-9.67
2019,Western Province,Rutsiro,RW32,48.96,high,interpolated,False,48.97,1331.4,0,2,237.5,109.84,583.4,136.98,2.12,505.3,104.31,0.41,18.47,19.23,-0.01,18.36,-0.28,18.4,0.14,411.21,-9.0,province,228.3,-30.81,345.01,-29.04,228.22,6.08,351.23,-19.44,1097.67,,,837.35,,,11236.53,,,6934.02,,,6003.02,,,347.52,,,12329.91,,,,,,10.85,28.76,,26.08,64.83,8.78,4.02,13.86,3.0,-14.08,10.8,112.61,-5.48
2019,Western Province,Rubavu,RW33,24.5,medium,interpolated,False,21.89,1347.0,0,1,253.5,112.43,558.4,137.3,2.23,533.6,107.62,1.04,17.1,17.98,0.02,17.03,-0.24,17.07,0.2,411.21,-9.0,province,228.3,-30.81,345.01,-29.04,228.22,6.08,351.23,-19.44,1710.39,,,889.8,,,13103.45,,,11507.02,,,4551.8,,,2382.98,,,22026.29,,,,,,23.07,39.35,,40.54,149.01,10.63,6.98,131.3,3.0,26.5,-10.67,159.3,-6.13
2019,Western Province,Nyabihu,RW34,25.05,medium,interpolated,False,25.85,1527.0,0,2,264.8,117.14,677.8,144.03,2.83,578.7,108.17,1.13,15.52,16.33,-0.04,15.36,-0.29,15.5,0.12,411.21,-9.0,province,228.3,-30.81,345.01,-29.04,228.22,6.08,351.23,-19.44,1315.51,,,1008.42,,,10465.76,,,13065.45,,,6213.81,,,908.79,,,11142.23,,,,,,13.29,31.31,,35.51,103.11,3.08,8.26,91.76,3.0,-22.71,-11.98,75.78,20.8
2019,Western Province,Ngororero,RW35,44.69,high,interpolated,False,40.77,1401.2,0,2,275.2,115.72,645.4,143.71,2.66,504.9,103.95,0.36,16.89,17.59,-0.09,16.6,-0.35,16.77,0.03,411.21,-9.0,province,228.3,-30.81,345.01,-29.04,228.22,6.08,351.23,-19.44,1054.89,,,754.79,,,10460.73,,,4526.03,,,4679.32,,,1297.6,,,8379.23,,,,,,10.32,21.92,,26.41,15.17,8.82,3.1,3.23,3.0,-15.04,4.06,68.93,-9.22
2019,Western Province,Rusizi,RW36,23.34,medium,interpolated,False,25.36,1561.7,0,0,266.7,108.59,639.1,134.38,2.25,647.5,108.42,0.48,19.03,20.1,-0.14,18.46,-0.57,19.39,0.1,411.21,-9.0,province,228.3,-30.81,345.01,-29.04,228.22,6.08,351.23,-19.44,1118.01,,,873.56,,,7812.54,,,5560.09,,,4590.36,,,502.27,,,11547.67,,,5167.41,,,11.96,29.41,,53.35,42.34,16.96,12.2,13.07,3.0,-17.61,23.25,144.76,5.64
2019,Western Province,Nyamasheke,RW37,24.58,medium,interpolated,False,20.57,1545.3,0,0,252.8,108.71,649.4,137.0,2.29,632.3,105.68,0.34,18.36,18.99,-0.09,18.14,-0.34,18.53,0.09,411.21,-9.0,province,228.3,-30.81,345.01,-29.04,228.22,6.08,351.23,-19.44,886.07,,,807.7,,,9726.37,,,2771.03,,,5721.63,,,755.27,,,11937.59,,,4471.14,,,7.5,25.57,,46.15,31.43,17.23,6.68,7.35,3.0,-11.49,-3.02,51.27,77.55
2019,Northern Province,Rulindo,RW41,20.06,medium,interpolated,False,16.61,1395.8,0,3,327.4,124.45,715.5,162.5,4.32,437.2,98.6,-0.07,17.88,18.73,-0.19,17.57,-0.33,17.77,-0.1,392.04,-6.13,province,212.37,-32.91,425.8,-7.55,216.64,-0.11,351.02,-16.16,1349.46,,,842.81,,,11090.6,,,6493.44,,,6633.7,,,815.05,,,10691.63,,,2242.96,,,11.86,29.14,,25.3,12.69,4.16,4.39,1.84,3.0,-18.39,7.79,43.8,11.34
2019,Northern Province,Gakenke,RW42,12.75,low,interpolated,False,15.02,1417.7,0,2,303.6,122.74,693.0,157.97,3.75,478.2,103.96,0.29,18.5,19.3,-0.2,18.03,-0.44,18.36,-0.06,392.04,-6.13,province,212.37,-32.91,425.8,-7.55,216.64,-0.11,351.02,-16.16,1251.82,,,948.88,,,13450.13,,,6156.25,,,8129.09,,,514.9,,,11331.83,,,,,,13.43,32.95,,40.39,40.18,28.99,8.75,2.44,3.0,-18.02,-2.2,163.09,17.54
2019,Northern Province,Musanze,RW43,12.39,low,interpolated,False,11.47,1610.1,0,2,284.3,117.52,713.8,147.54,3.65,606.1,105.72,0.94,15.98,16.78,-0.08,15.77,-0.33,15.98,0.09,392.04,-6.13,province,212.37,-32.91,425.8,-7.55,216.64,-0.11,351.02,-16.16,1356.31,,,1167.2,,,7984.36,,,11252.08,,,6853.98,,,2142.38,,,10940.0,,,,,,13.56,32.46,,33.43,78.39,22.17,9.85,46.31,3.0,-3.98,-14.13,152.05,24.32
2019,Northern Province,Burera,RW44,33.67,high,interpolated,False,29.7,1467.2,0,3,313.0,124.77,701.7,164.72,5.32,517.4,105.1,0.59,17.0,17.88,-0.12,16.69,-0.35,16.95,0.01,392.04,-6.13,province,212.37,-32.91,425.8,-7.55,216.64,-0.11,351.02,-16.16,1234.3,,,1346.71,,,14230.77,,,10302.8,,,7714.33,,,1689.64,,,12055.11,,,,,,8.46,31.78,,19.82,23.17,8.37,4.04,10.77,3.0,-2.77,10.46,354.73,11.18
2019,Northern Province,Gicumbi,RW45,13.67,low,interpolated,False,17.3,1427.5,0,3,341.5,129.02,737.4,170.22,5.13,451.9,100.98,0.19,18.0,19.14,-0.16,17.64,-0.36,17.92,-0.05,392.04,-6.13,district,212.37,-32.91,425.8,-7.55,216.64,-0.11,351.02,-16.16,2076.42,,,975.99,,,13605.03,,,9688.53,,,8506.23,,,937.91,,,15483.43,,,,,,8.21,28.36,,18.2,12.12,3.64,2.76,5.72,3.0,18.1,-3.21,172.64,9.58
2019,Eastern Province,Rwamagana,RW51,10.38,low,interpolated,False,11.88,1231.9,0,3,308.0,127.78,647.0,165.09,4.25,377.7,97.15,-0.03,20.67,21.79,-0.29,20.09,-0.52,20.62,-0.12,355.98,-10.52,province,177.92,-40.05,406.87,-12.03,241.16,5.91,314.24,-19.41,2093.11,,,892.26,,,13783.05,,,4539.86,,,5309.77,,,1064.58,,,15415.01,,,4274.03,,,12.05,33.11,,25.46,29.21,13.0,9.52,6.23,3.0,-22.01,-3.13,91.69,-21.25
2019,Eastern Province,Nyagatare,RW52,15.05,medium,interpolated,False,16.51,1205.4,0,4,240.8,130.81,605.6,176.87,5.71,397.7,99.75,0.22,20.58,22.48,-0.17,20.02,-0.59,20.23,-0.1,355.98,-10.52,province,177.92,-40.05,406.87,-12.03,241.16,5.91,314.24,-19.41,1505.03,,,1501.02,,,13820.79,,,5212.8,,,4822.72,,,1192.06,,,13362.03,,,4204.92,,,6.96,35.68,,11.66,15.71,5.91,5.54,3.42,3.0,4.51,89.59,449.07,47.25
2019,Eastern Province,Gatsibo,RW53,15.54,medium,interpolated,False,10.15,1316.4,0,3,302.1,131.61,672.5,175.36,5.41,402.9,97.91,0.06,20.51,22.16,-0.21,19.95,-0.57,20.34,-0.09,371.48,-6.62,district,177.62,-40.15,408.91,-11.59,230.15,1.07,322.19,-17.37,2603.82,,,891.06,,,12444.87,,,4771.38,,,6704.02,,,1147.94,,,16973.01,,,4339.82,,,10.73,41.11,,15.22,21.97,6.03,6.62,6.53,3.0,50.62,-2.61,282.56,-15.52
2019,Eastern Province,Kayonza,RW54,25.88,medium,interpolated,False,32.74,1254.1,0,3,296.5,132.3,652.9,170.83,4.9,377.2,98.41,0.09,21.1,22.5,-0.24,20.47,-0.63,21.0,-0.04,355.98,-10.52,province,177.92,-40.05,406.87,-12.03,241.16,5.91,314.24,-19.41,2093.14,,,843.38,,,12621.11,,,5085.85,,,7793.16,,,927.35,,,16117.67,,,3694.93,,,6.47,31.34,,8.26,6.96,1.18,1.88,3.35,3.0,83.1,34.88,99.73,55.25
2019,Eastern Province,Kirehe,RW55,18.37,medium,interpolated,False,22.58,1231.1,0,2,301.9,128.19,594.2,151.12,3.79,413.0,107.61,0.67,21.09,22.07,-0.2,20.37,-0.62,21.14,0.07,337.93,,district,183.43,,406.82,,250.97,,299.66,,1559.95,,,1034.3,,,14619.84,,,2487.0,,,4458.28,,,898.86,,,18271.7,,,4629.88,,,5.07,31.43,,16.46,13.71,8.33,3.48,0.61,3.0,46.78,37.21,338.48,-39.95
2019,Eastern Province,Ngoma,RW56,13.61,low,interpolated,False,13.35,1234.7,1,2,306.9,122.48,610.1,152.72,3.65,404.5,98.9,0.1,21.08,22.09,-0.27,20.42,-0.56,21.16,-0.03,355.98,-10.52,province,177.92,-40.05,406.87,-12.03,241.16,5.91,314.24,-19.41,1466.17,,,982.81,,,11325.52,,,4791.12,,,5687.48,,,812.39,,,15548.51,,,4164.29,,,11.47,32.49,,31.68,29.14,16.56,9.11,2.99,2.0,31.46,63.61,202.39,12.66
2019,Eastern Province,Bugesera,RW57,11.99,low,interpolated,False,8.86,1133.5,1,2,270.8,121.46,555.0,152.81,3.34,375.1,99.58,0.09,20.99,21.89,-0.28,20.42,-0.44,20.97,-0.11,355.98,-10.52,province,177.92,-40.05,406.87,-12.03,241.16,5.91,314.24,-19.41,1712.42,,,483.84,,,16106.74,,,2940.86,,,6879.93,,,792.98,,,12571.89,,,3170.46,,,17.29,38.13,,8.76,17.79,5.76,7.27,4.53,3.0,9.28,-39.37,201.08,25.1
2020,Kigali City,Nyarugenge,RW11,3.99,low,interpolated,False,1.19,1136.0,0,0,155.5,110.52,366.5,92.04,-0.52,405.5,100.1,0.04,20.27,21.17,0.12,20.11,0.29,19.81,-0.08,489.26,31.29,national,351.77,72.55,338.48,-8.61,257.84,11.05,427.18,27.21,1805.73,,,633.3,,,1672.88,,,4216.41,,,4990.88,,,706.86,,,4833.28,,,,,,8.14,30.52,,6.98,53.43,11.45,41.27,0.61,3.0,133.94,-20.19,-85.32,89.62
2020,Kigali City,Gasabo,RW12,4.34,low,interpolated,False,2.35,1122.7,0,0,148.5,110.59,375.6,94.09,-0.28,407.7,99.88,0.1,20.12,20.9,0.14,20.0,0.32,19.7,-0.05,489.26,31.29,national,351.77,72.55,338.48,-8.61,257.84,11.05,427.18,27.21,1425.04,,,618.92,,,1978.34,,,4154.33,,,6195.32,,,1060.82,,,4020.9,,,4075.64,,,9.54,30.52,,14.99,24.98,4.41,10.42,9.98,3.0,-42.45,-38.81,-83.21,2.91
2020,Kigali City,Kicukiro,RW13,3.27,low,interpolated,False,2.57,1087.9,0,0,141.7,110.78,349.7,91.59,-0.47,405.8,103.23,0.22,20.92,21.85,0.14,20.77,0.33,20.46,-0.08,489.26,31.29,national,351.77,72.55,338.48,-8.61,257.84,11.05,427.18,27.21,2231.24,,,618.54,,,1360.37,,,2421.67,,,7520.69,,,1172.01,,,3999.94,,,3621.22,,,10.6,39.27,,19.4,14.14,5.99,4.63,3.47,2.0,41.14,-52.65,-91.62,-21.67
2020,Southern Province,Nyanza,RW21,25.7,medium,interpolated,False,20.05,1261.8,0,1,180.6,117.44,448.7,108.51,0.41,487.9,115.15,0.96,19.82,20.79,0.12,19.72,0.33,19.46,-0.15,488.22,36.58,province,364.51,74.29,313.93,-4.05,265.14,12.48,458.53,34.66,1676.49,,,589.51,,,4639.18,,,4966.93,,,6612.06,,,883.25,,,3591.44,,,4152.59,,,10.06,37.82,,14.5,17.23,4.3,5.27,3.5,3.0,-19.13,-24.52,-74.81,99.95
2020,Southern Province,Gisagara,RW22,26.74,medium,interpolated,False,23.51,1374.6,0,1,197.3,118.16,497.9,114.49,0.72,512.6,109.55,0.75,20.34,21.55,0.15,20.08,0.34,19.98,-0.19,474.63,39.15,district,360.74,90.83,322.6,-0.74,278.97,14.09,470.81,27.72,1735.68,,,484.1,,,2581.71,,,2980.18,,,5753.38,,,1132.73,,,2894.05,,,3676.76,,,11.73,35.04,,21.02,29.81,9.91,6.81,6.43,3.0,-16.13,-36.15,-78.2,-8.38
2020,Southern Province,Nyaruguru,RW23,27.28,medium,interpolated,False,24.02,1526.7,0,0,220.7,108.76,517.3,102.48,0.04,644.2,114.75,1.09,17.75,18.43,0.08,17.87,0.38,17.5,-0.15,488.22,36.58,province,364.51,74.29,313.93,-4.05,265.14,12.48,458.53,34.66,1578.38,,,557.23,,,2350.17,,,6335.86,,,9578.11,,,911.42,,,3324.82,,,,,,17.64,30.11,,45.65,257.57,69.22,168.48,19.74,3.0,68.34,-37.89,-79.72,17.86
2020,Southern Province,Huye,RW24,20.28,medium,interpolated,False,14.38,1401.4,0,1,212.1,119.22,515.2,113.41,0.7,531.8,118.73,1.31,18.82,19.69,0.13,18.75,0.34,18.52,-0.16,488.22,36.58,province,364.51,74.29,313.93,-4.05,265.14,12.48,458.53,34.66,1571.0,,,648.29,,,4852.57,,,3620.6,,,5785.04,,,1091.7,,,3476.4,,,3500.11,,,8.49,34.21,,15.96,27.7,5.63,7.49,12.66,3.0,-4.77,-8.53,-70.6,29.39
2020,Southern Province,Nyamagabe,RW25,26.95,medium,interpolated,False,29.84,1402.4,0,0,192.4,103.87,470.7,96.53,-0.37,608.5,113.7,1.05,17.23,17.83,0.14,17.32,0.32,16.99,-0.09,504.35,34.99,district,368.55,63.99,300.53,-8.59,250.6,9.88,445.1,41.23,1454.57,,,451.72,,,2255.17,,,6860.21,,,6155.06,,,739.58,,,3349.41,,,,,,9.38,25.83,,31.86,109.05,34.42,59.19,15.16,3.0,36.78,-41.33,-80.65,-7.23
2020,Southern Province,Ruhango,RW26,17.01,medium,interpolated,False,17.74,1184.3,0,0,153.1,114.0,387.8,97.34,-0.27,477.3,116.87,1.08,19.58,20.53,0.09,19.51,0.28,19.17,-0.12,488.22,36.58,province,364.51,74.29,313.93,-4.05,265.14,12.48,458.53,34.66,1360.4,,,500.11,,,7344.34,,,3002.39,,,5934.16,,,1080.03,,,3191.98,,,3496.04,,,5.57,30.76,,8.75,83.54,27.16,51.1,4.55,3.0,78.65,-27.7,-52.97,35.87
2020,Southern Province,Muhanga,RW27,14.39,low,interpolated,False,13.05,1260.3,0,0,171.6,112.83,400.8,95.02,-0.37,534.0,120.38,1.36,19.3,20.29,0.02,19.23,0.19,18.84,-0.13,488.22,36.58,province,364.51,74.29,313.93,-4.05,265.14,12.48,458.53,34.66,1322.75,,,453.19,,,2654.7,,,3366.6,,,6180.14,,,559.91,,,3674.52,,,3090.88,,,4.94,28.89,,8.87,7.02,2.66,1.86,2.23,3.0,16.84,-22.67,-83.68,24.17
2020,Southern Province,Kamonyi,RW28,16.54,medium,interpolated,False,23.5,1173.3,0,1,159.7,115.78,395.1,100.23,-0.04,446.8,111.67,0.69,19.61,20.55,0.09,19.49,0.27,19.16,-0.12,488.22,36.58,province,364.51,74.29,313.93,-4.05,265.14,12.48,458.53,34.66,1412.14,,,470.41,,,2861.5,,,3509.26,,,5449.17,,,968.5,,,3439.46,,,3565.07,,,11.03,30.54,,10.98,65.81,7.0,55.8,2.69,3.0,-21.9,-30.08,-84.43,13.56
2020,Western Province,Karongi,RW31,35.74,high,interpolated,False,24.89,1199.3,0,0,163.9,99.01,382.3,90.4,-0.75,547.1,111.63,0.85,18.67,19.33,0.14,18.89,0.29,18.31,-0.06,532.62,29.53,district,359.01,57.25,321.56,-6.8,245.1,7.4,428.1,21.89,1549.97,,,667.17,,,1977.74,,,6322.93,,,5704.25,,,801.21,,,4733.4,,,,,,16.22,30.84,,25.44,222.38,79.49,137.91,4.98,3.0,30.48,-6.11,-81.01,29.22
2020,Western Province,Rutsiro,RW32,48.94,high,interpolated,False,48.97,1174.7,0,0,170.7,96.91,371.3,87.18,-0.89,540.8,111.64,0.99,18.66,19.28,0.18,19.01,0.37,18.28,0.02,532.62,29.53,province,359.01,57.25,321.56,-6.8,245.1,7.4,428.1,21.89,1217.63,,,527.89,,,977.62,,,6657.91,,,6085.37,,,1248.93,,,5378.39,,,,,,9.42,34.13,,28.49,355.51,34.02,271.88,49.11,3.0,10.93,-36.96,-91.3,-3.98
2020,Western Province,Rubavu,RW33,27.12,medium,interpolated,False,21.89,1112.3,0,0,175.2,92.84,352.4,86.65,-0.85,509.4,102.74,0.53,17.25,17.89,0.17,17.65,0.38,16.94,0.06,532.62,29.53,province,359.01,57.25,321.56,-6.8,245.1,7.4,428.1,21.89,2143.34,,,748.63,,,0.0,,,11364.84,,,7080.58,,,1064.87,,,5412.6,,,,,,8.16,44.68,,42.49,146.56,17.23,6.88,120.54,3.0,25.31,-15.86,-100.0,-1.24
2020,Western Province,Nyabihu,RW34,24.26,medium,interpolated,False,25.85,1290.6,0,0,198.1,99.0,431.3,91.65,-0.57,593.1,110.86,1.4,15.72,16.26,0.16,16.01,0.36,15.41,0.03,532.62,29.53,province,359.01,57.25,321.56,-6.8,245.1,7.4,428.1,21.89,1256.75,,,645.76,,,1529.96,,,16246.55,,,7579.68,,,867.5,,,2027.51,,,,,,9.25,31.97,,50.51,145.68,11.88,10.51,121.93,3.0,-4.47,-35.96,-85.38,24.35
2020,Western Province,Ngororero,RW35,48.61,high,interpolated,False,40.77,1247.4,0,0,182.8,103.01,403.6,89.87,-0.74,571.4,117.64,1.39,17.08,17.68,0.09,17.22,0.27,16.68,-0.06,532.62,29.53,province,359.01,57.25,321.56,-6.8,245.1,7.4,428.1,21.89,611.76,,,402.82,,,3259.82,,,6111.58,,,5531.47,,,723.46,,,2467.64,,,,,,10.13,24.19,,34.67,32.81,14.76,6.4,11.43,3.0,-42.01,-46.63,-68.84,35.03
2020,Western Province,Rusizi,RW36,21.32,medium,interpolated,False,25.36,1388.9,0,0,191.9,96.58,454.7,95.61,-0.49,620.8,103.95,0.15,19.28,20.12,0.11,19.51,0.48,19.12,-0.17,532.62,29.53,province,359.01,57.25,321.56,-6.8,245.1,7.4,428.1,21.89,1157.84,,,441.43,,,1097.79,,,3082.16,,,5102.41,,,378.39,,,3692.75,,,4888.39,,,10.76,33.34,,39.23,150.23,90.88,37.15,21.54,3.0,3.56,-49.47,-85.95,-44.57
2020,Western Province,Nyamasheke,RW37,28.58,medium,interpolated,False,20.57,1358.9,0,0,193.1,95.6,444.9,93.86,-0.61,614.0,102.62,0.09,18.62,19.15,0.17,18.84,0.36,18.38,-0.06,532.62,29.53,province,359.01,57.25,321.56,-6.8,245.1,7.4,428.1,21.89,1189.18,,,557.75,,,2376.26,,,4048.52,,,3598.44,,,1059.89,,,2407.62,,,4205.07,,,9.37,26.96,,46.53,186.52,21.66,155.54,8.94,3.0,34.21,-30.95,-75.57,46.1
2020,Northern Province,Rulindo,RW41,23.51,medium,interpolated,False,16.61,1233.4,0,0,172.8,109.97,437.7,99.41,-0.01,460.7,103.9,0.26,18.21,18.79,0.14,18.21,0.31,17.83,-0.04,523.59,33.56,province,372.08,75.2,364.1,-14.49,232.63,7.38,405.09,15.4,1172.69,,,504.16,,,2754.45,,,4258.17,,,6422.61,,,1430.92,,,3206.52,,,3055.44,,,14.56,30.01,,20.7,20.02,4.94,5.1,8.42,3.0,-13.1,-40.18,-75.16,-34.42
2020,Northern Province,Gakenke,RW42,10.48,low,interpolated,False,15.02,1231.5,0,0,172.2,106.62,426.7,97.26,-0.21,507.9,110.41,0.76,18.76,19.59,0.05,18.69,0.22,18.32,-0.1,523.59,33.56,province,372.08,75.2,364.1,-14.49,232.63,7.38,405.09,15.4,1645.7,,,489.61,,,7259.99,,,7296.08,,,7716.24,,,1199.27,,,4915.7,,,1112.27,,,22.42,35.44,,43.08,301.7,25.29,272.83,3.23,3.0,31.46,-48.4,-46.02,18.52
2020,Northern Province,Musanze,RW43,13.3,low,interpolated,False,11.47,1347.2,1,0,189.7,98.33,457.6,94.58,-0.37,601.9,104.99,0.87,16.23,16.86,0.17,16.43,0.32,15.88,-0.01,523.59,33.56,province,372.08,75.2,364.1,-14.49,232.63,7.38,405.09,15.4,1735.85,,,700.56,,,2917.2,,,14121.47,,,7504.7,,,1983.71,,,3694.57,,,,,,13.86,35.52,,37.66,94.79,18.37,14.96,60.29,3.0,27.98,-39.98,-63.46,25.5
2020,Northern Province,Burera,RW44,37.64,high,interpolated,False,29.7,1167.4,0,0,159.5,99.28,388.2,91.13,-0.65,514.7,104.55,0.54,17.26,17.89,0.14,17.36,0.32,16.88,-0.05,523.59,33.56,province,372.08,75.2,364.1,-14.49,232.63,7.38,405.09,15.4,1983.5,,,817.8,,,5589.06,,,10381.99,,,8779.37,,,1566.27,,,2377.47,,,,,,19.0,30.23,,28.04,83.21,8.15,44.94,30.12,3.0,60.7,-39.27,-60.73,0.77
2020,Northern Province,Gicumbi,RW45,10.04,low,interpolated,False,17.3,1187.3,0,0,168.3,107.31,426.1,98.36,0.01,461.4,103.11,0.33,18.35,19.07,0.2,18.42,0.41,17.97,-0.0,523.59,33.56,district,372.08,75.2,364.1,-14.49,232.63,7.38,405.09,15.4,1209.51,,,585.01,,,3468.36,,,10893.78,,,8766.5,,,473.58,,,2800.11,,,,,,13.02,28.64,,20.55,24.35,6.67,10.32,7.31,3.0,-41.75,-40.06,-74.51,12.44
2020,Eastern Province,Rwamagana,RW51,8.87,low,interpolated,False,11.88,1063.2,0,1,151.1,110.28,388.9,99.23,0.03,383.9,98.74,0.06,21.1,22.03,0.14,21.04,0.43,20.64,-0.1,456.74,28.31,province,330.59,85.8,361.18,-11.23,268.21,11.22,404.05,28.58,1818.61,,,513.86,,,4124.71,,,6468.01,,,7345.47,,,569.09,,,4139.22,,,3426.49,,,12.64,38.75,,22.73,33.78,14.46,8.08,10.55,3.0,-13.11,-42.41,-70.07,42.47
2020,Eastern Province,Nyagatare,RW52,13.58,low,interpolated,False,16.51,988.9,0,0,152.0,107.31,335.3,97.93,0.1,445.9,111.84,1.11,20.98,22.25,0.22,21.26,0.65,20.39,0.05,456.74,28.31,province,330.59,85.8,361.18,-11.23,268.21,11.22,404.05,28.58,2287.09,,,690.87,,,7016.87,,,7127.03,,,3289.68,,,1637.21,,,5571.72,,,4156.74,,,14.14,35.31,,17.34,27.3,11.27,9.63,5.05,3.0,51.96,-53.97,-49.23,36.72
2020,Eastern Province,Gatsibo,RW53,20.94,medium,interpolated,False,10.15,1172.8,0,1,164.2,117.26,408.8,106.6,0.66,473.6,115.09,1.12,20.96,22.01,0.23,21.08,0.57,20.48,0.06,477.71,28.6,district,323.99,82.4,377.51,-7.68,247.18,7.4,374.79,16.33,1936.86,,,577.7,,,3231.5,,,4437.09,,,7194.0,,,852.36,,,4410.03,,,3814.89,,,8.9,39.04,,17.02,48.33,7.79,30.71,7.97,3.0,-25.61,-35.17,-74.03,-7.01
2020,Eastern Province,Kayonza,RW54,19.02,medium,interpolated,False,32.74,1135.5,0,1,170.0,119.79,402.3,105.26,0.59,445.9,116.33,1.16,21.47,22.51,0.13,21.6,0.5,20.94,-0.1,456.74,28.31,province,330.59,85.8,361.18,-11.23,268.21,11.22,404.05,28.58,1425.62,,,568.58,,,3651.57,,,3611.44,,,4967.33,,,903.1,,,3802.45,,,3618.92,,,12.7,35.38,,12.91,23.15,9.13,7.67,6.26,3.0,-31.89,-32.58,-71.07,-28.99
2020,Eastern Province,Kirehe,RW55,14.15,low,interpolated,False,22.58,1122.1,0,0,169.1,116.84,378.4,96.24,-0.08,426.2,111.05,0.88,21.36,22.3,0.07,21.45,0.46,20.8,-0.26,442.73,31.01,district,333.66,81.9,346.17,-14.91,282.49,12.56,427.5,42.66,1796.45,,,587.23,,,2807.71,,,3643.82,,,4854.58,,,1232.34,,,4327.63,,,4241.79,,,14.57,35.64,,20.56,18.03,8.71,5.36,2.21,3.0,15.16,-43.22,-80.8,46.51
2020,Eastern Province,Ngoma,RW56,13.86,low,interpolated,False,13.35,1106.3,0,0,150.4,109.74,375.8,94.07,-0.33,413.0,100.98,0.23,21.47,22.54,0.11,21.44,0.46,20.96,-0.22,456.74,28.31,province,330.59,85.8,361.18,-11.23,268.21,11.22,404.05,28.58,2000.31,,,475.87,,,3527.11,,,5113.01,,,5940.64,,,701.85,,,4945.03,,,4200.04,,,17.07,34.64,,20.57,65.67,17.83,43.98,3.86,2.0,36.43,-51.58,-68.86,6.72
2020,Eastern Province,Bugesera,RW57,15.13,medium,interpolated,False,8.86,1048.0,0,0,141.6,112.3,343.6,94.6,-0.36,402.8,106.93,0.51,21.41,22.56,0.14,21.26,0.4,20.92,-0.16,456.74,28.31,province,330.59,85.8,361.18,-11.23,268.21,11.22,404.05,28.58,1325.13,,,592.69,,,1536.62,,,3024.87,,,6204.38,,,939.59,,,4234.04,,,3817.16,,,16.76,36.92,,16.14,14.9,4.81,4.47,5.13,3.0,-22.62,22.5,-90.46,2.86
2021,Kigali City,Nyarugenge,RW11,5.39,low,cari_survey,True,1.19,1051.0,1,1,207.5,102.25,357.0,89.65,-0.65,513.5,126.76,1.42,20.32,21.99,0.18,20.16,0.34,19.99,0.1,618.25,26.36,national,306.85,-12.77,406.63,20.14,315.25,22.27,448.79,5.06,1099.34,1199.22,1090.86,978.93,2276.68,2325.68,4591.81,3179.66,692.46,5398.76,416.32,77.11,6866.7,2657.73,387.05,798.95,426.48,533.81,5548.93,13863.28,2498.37,,0.0,0.0,8.82,40.06,,11.38,58.26,18.04,37.52,2.54,3.0,-39.12,54.58,174.49,28.04
2021,Kigali City,Gasabo,RW12,5.33,low,cari_survey,True,2.35,1065.5,1,1,217.9,104.95,371.1,92.96,-0.35,510.2,124.99,1.44,20.16,21.76,0.19,20.02,0.34,19.86,0.11,618.25,26.36,national,306.85,-12.77,406.63,20.14,315.25,22.27,448.79,5.06,1357.74,6643.23,4892.86,959.98,8223.26,8566.09,7225.61,9658.23,1336.67,3229.0,4681.31,1449.77,6911.46,11765.44,1702.31,872.85,5178.96,5933.42,5528.76,32984.1,5965.92,3795.24,1836.2,483.82,7.3,41.78,,15.11,26.18,9.73,10.72,5.73,3.0,-4.72,55.11,265.24,-22.27
2021,Kigali City,Kicukiro,RW13,3.62,low,cari_survey,True,2.57,1021.1,1,1,204.6,103.98,360.2,94.34,-0.32,501.3,127.52,1.43,20.97,22.69,0.18,20.78,0.34,20.64,0.09,618.25,26.36,national,306.85,-12.77,406.63,20.14,315.25,22.27,448.79,5.06,1172.49,1773.98,1513.0,898.09,2322.13,2585.64,6496.69,1722.48,265.13,3295.68,227.46,69.02,11363.53,5066.68,445.87,1047.43,1846.25,1762.65,4589.58,9127.7,1988.79,5083.29,249.2,49.02,7.56,44.2,,22.51,30.4,9.58,8.86,9.36,3.0,-47.45,45.19,377.57,36.09
2021,Southern Province,Nyanza,RW21,28.52,medium,cari_survey,True,20.05,1217.2,0,2,206.4,113.29,420.8,101.77,-0.01,572.9,135.21,2.1,19.9,21.59,0.2,19.72,0.32,19.79,0.19,602.96,23.5,province,326.25,-10.5,394.26,25.59,309.04,16.56,469.57,2.41,1378.51,10886.24,7897.09,904.13,18754.89,20743.61,11763.19,67798.93,5763.65,2912.11,1653.11,567.67,7590.39,26774.55,3527.43,871.43,5621.62,6450.99,3075.75,35121.11,11418.7,4342.2,5272.43,1214.23,8.5,46.97,,13.74,173.69,56.95,31.34,85.4,3.0,-17.77,53.37,153.56,-41.37
2021,Southern Province,Gisagara,RW22,28.36,medium,cari_survey,True,23.51,1321.4,0,2,213.5,113.59,461.9,106.21,0.26,634.3,135.56,2.39,20.59,22.72,0.4,20.19,0.44,20.56,0.38,610.43,28.61,district,323.67,-10.28,398.66,23.57,313.91,12.52,483.75,2.75,1496.82,12956.45,8656.0,736.14,15209.3,20661.01,14142.55,41257.54,2917.26,1886.34,1187.6,629.58,6489.31,26879.73,4142.16,712.84,3736.4,5241.57,5010.84,44980.01,8976.54,3654.58,19152.76,5240.75,9.44,42.93,,24.68,32.6,9.61,8.45,6.16,3.0,-13.76,52.06,447.8,-36.7
2021,Southern Province,Nyaruguru,RW23,28.91,medium,cari_survey,True,24.02,1546.3,0,0,279.5,110.16,571.7,113.25,0.68,618.9,110.24,0.78,17.86,19.09,0.2,17.83,0.33,17.86,0.21,602.96,23.5,province,326.25,-10.5,394.26,25.59,309.04,16.56,469.57,2.41,1970.02,11012.45,5590.01,797.7,8648.39,10841.6,8938.52,23563.69,2636.2,6467.05,16929.26,2617.77,9275.81,66873.99,7209.5,672.6,2503.83,3722.6,4849.22,23495.65,4845.24,,0.0,0.0,11.9,34.05,,47.12,99.82,69.07,18.09,11.87,3.0,24.81,43.15,280.33,2.07
2021,Southern Province,Huye,RW24,23.23,medium,cari_survey,True,14.38,1330.9,0,2,225.0,113.22,481.4,105.97,0.28,594.3,132.69,2.18,19.03,20.75,0.34,18.82,0.41,18.99,0.31,602.96,23.5,province,326.25,-10.5,394.26,25.59,309.04,16.56,469.57,2.41,1395.63,7289.35,5222.97,885.55,13804.53,15588.66,13887.37,54753.47,3942.68,3542.4,4268.38,1204.94,7913.94,29942.87,3783.56,761.54,6128.06,8046.93,4495.97,32299.25,7184.04,3827.29,7598.73,1985.41,7.82,39.56,,19.4,25.04,6.59,7.47,7.84,3.0,-11.16,36.6,186.19,-2.16
2021,Southern Province,Nyamagabe,RW25,25.51,medium,cari_survey,True,29.84,1454.0,0,0,249.6,107.7,525.3,107.73,0.35,559.2,104.48,0.36,17.43,18.53,0.34,17.49,0.49,17.38,0.3,598.94,18.76,district,329.85,-10.5,390.49,29.94,304.63,21.56,459.01,3.12,1040.67,6951.18,6679.55,607.26,8882.98,14628.01,7523.81,25664.49,3411.1,7201.32,31026.94,4308.51,7608.09,65168.0,8565.62,621.28,3159.87,5086.03,3037.99,27228.75,8962.76,2369.32,1054.28,444.97,9.92,40.25,,33.01,49.59,15.67,14.31,17.91,3.0,-28.46,34.43,233.62,4.97
2021,Southern Province,Ruhango,RW26,16.65,medium,cari_survey,True,17.74,1154.9,0,1,208.3,111.17,406.1,101.93,0.01,527.9,129.26,1.79,19.61,21.14,0.12,19.51,0.27,19.4,0.1,602.96,23.5,province,326.25,-10.5,394.26,25.59,309.04,16.56,469.57,2.41,1049.9,5659.96,5390.97,809.66,15566.67,19226.16,14431.95,139275.31,9650.49,2724.64,2109.34,774.17,4800.64,17953.83,3739.88,657.67,2302.49,3500.98,3670.16,36861.42,10043.54,3891.12,8308.28,2135.19,6.32,37.43,,9.84,11.16,1.71,4.18,5.02,3.0,-22.82,61.9,96.5,-9.25
2021,Southern Province,Muhanga,RW27,15.06,medium,cari_survey,True,13.05,1236.3,1,1,211.5,110.68,411.1,97.46,-0.22,553.9,124.86,1.65,19.35,20.88,0.07,19.26,0.22,19.03,0.06,602.96,23.5,province,326.25,-10.5,394.26,25.59,309.04,16.56,469.57,2.41,932.87,2742.88,2940.25,663.44,7734.19,11657.71,10427.02,48991.13,4698.48,2637.24,1489.1,564.64,7398.78,48831.36,6599.92,494.98,142.06,287.01,4893.01,112362.68,22963.9,3590.5,1078.25,300.31,4.15,40.75,,11.21,80.42,42.37,35.73,1.57,3.0,-29.47,46.39,292.78,-21.66
2021,Southern Province,Kamonyi,RW28,13.06,low,cari_survey,True,23.5,1069.7,1,1,188.5,105.56,360.5,91.45,-0.53,510.3,127.54,1.56,19.66,21.29,0.14,19.52,0.31,19.38,0.1,602.96,23.5,province,326.25,-10.5,394.26,25.59,309.04,16.56,469.57,2.41,780.79,6135.96,7858.65,805.7,13122.5,16287.03,5098.71,20431.65,4007.22,1933.97,3009.27,1556.0,4768.64,27782.82,5826.15,1086.1,4008.09,3690.34,3573.14,65716.81,18391.91,3957.45,1528.68,386.28,9.6,39.75,,11.2,23.44,13.91,4.46,3.86,3.0,-44.71,71.28,78.18,-44.89
2021,Western Province,Karongi,RW31,41.16,high,cari_survey,True,24.89,1277.0,0,0,203.8,105.42,436.8,103.29,0.08,502.3,102.49,0.19,18.75,19.33,0.22,19.02,0.42,18.5,0.13,636.29,19.46,district,332.2,-7.47,344.72,7.2,319.39,30.31,455.45,6.39,1689.24,13026.01,7711.17,959.01,10484.52,10932.68,7662.18,33450.33,4365.64,5125.67,11708.08,2284.2,8735.32,59730.43,6837.8,624.39,1418.7,2272.15,4951.35,82556.56,16673.56,,0.0,0.0,11.94,38.97,,29.34,341.15,156.22,174.01,9.37,3.0,8.99,43.74,287.42,-18.94
2021,Western Province,Rutsiro,RW32,48.93,high,cari_survey,True,48.97,1271.2,0,0,200.3,104.88,430.4,101.06,-0.05,481.1,99.32,0.01,18.52,19.01,0.04,18.91,0.27,18.2,-0.07,636.29,19.46,province,332.2,-7.47,344.72,7.2,319.39,30.31,455.45,6.39,1396.82,11520.53,8247.71,907.64,6803.18,7495.45,11194.48,15636.97,1396.85,5299.09,34844.15,6575.5,8239.08,46170.27,5603.81,1361.96,42.57,31.25,6312.32,65013.9,10299.52,,0.0,0.0,9.37,43.38,,28.4,55.02,13.6,7.07,34.35,3.0,14.72,71.94,1045.08,-20.41
2021,Western Province,Rubavu,RW33,29.73,medium,cari_survey,True,21.89,1223.2,0,0,164.6,102.09,408.0,100.32,-0.02,460.7,92.92,-0.49,17.1,17.78,0.03,17.55,0.28,16.8,-0.07,636.29,19.46,province,332.2,-7.47,344.72,7.2,319.39,30.31,455.45,6.39,1744.95,6330.58,3627.94,758.62,8930.41,11771.97,7577.21,3996.96,527.5,14176.88,140473.61,9908.64,6055.43,8554.3,1412.67,1516.39,1203.33,793.55,5653.65,24160.87,4273.5,,0.0,0.0,10.59,52.79,,35.68,149.86,27.51,19.61,102.41,3.0,-18.59,1.33,inf,24.74
2021,Western Province,Nyabihu,RW34,23.46,medium,cari_survey,True,25.85,1398.1,0,0,206.2,107.25,471.5,100.19,-0.02,551.4,103.07,0.62,15.61,16.14,0.06,15.93,0.28,15.37,-0.01,636.29,19.46,province,332.2,-7.47,344.72,7.2,319.39,30.31,455.45,6.39,1777.29,12683.24,7136.28,612.33,5833.11,9526.15,4782.84,1831.48,382.93,15851.88,203762.32,12854.15,5892.1,24768.68,4203.71,997.3,1074.84,1077.75,2792.76,5654.52,2024.71,,0.0,0.0,17.85,44.02,,47.33,130.68,19.61,17.5,91.94,3.0,41.42,-5.18,212.61,-2.43
2021,Western Province,Ngororero,RW35,52.53,high,cari_survey,True,40.77,1316.1,0,0,215.7,108.69,449.8,100.16,-0.09,535.5,110.25,0.83,17.03,17.95,0.05,17.18,0.24,16.76,0.02,636.29,19.46,province,332.2,-7.47,344.72,7.2,319.39,30.31,455.45,6.39,854.38,6183.65,7237.59,755.44,9433.47,12487.44,5470.53,5655.98,1033.9,3783.53,12940.77,3420.29,6149.06,48408.67,7872.54,674.93,354.77,525.64,3708.05,53597.02,14454.24,,0.0,0.0,11.17,30.82,,34.41,40.27,19.59,10.56,10.11,3.0,39.66,87.54,67.82,-38.09
2021,Western Province,Rusizi,RW36,19.3,medium,cari_survey,True,25.36,1516.9,0,0,241.0,105.48,517.0,108.7,0.43,582.1,97.47,-0.32,19.17,20.27,-0.0,19.15,0.12,19.26,-0.03,636.29,19.46,province,332.2,-7.47,344.72,7.2,319.39,30.31,455.45,6.39,1253.02,9038.84,7213.67,855.51,9820.51,11479.13,8943.1,66705.65,7458.89,1845.63,486.13,263.39,7111.08,19015.69,2674.09,550.95,28.22,51.22,6337.35,32476.76,5124.66,5615.48,16883.42,3006.59,10.36,40.53,,43.88,58.48,22.53,16.21,19.58,3.0,8.22,93.8,714.65,-40.12
2021,Western Province,Nyamasheke,RW37,32.59,high,cari_survey,True,20.57,1484.7,0,0,233.6,104.45,511.4,107.89,0.33,568.3,94.99,-0.54,18.67,19.47,0.22,18.9,0.42,18.57,0.13,636.29,19.46,province,332.2,-7.47,344.72,7.2,319.39,30.31,455.45,6.39,1276.19,8025.23,6288.41,928.61,10236.63,11023.66,10127.82,50707.79,5006.78,5391.12,848.2,157.33,7423.17,40460.23,5450.53,909.43,86.68,95.32,3052.93,28906.15,9468.32,5395.14,3798.66,704.09,9.32,39.33,,48.92,54.78,28.39,16.12,9.52,3.0,7.32,66.49,326.21,33.16
2021,Northern Province,Rulindo,RW41,26.96,medium,cari_survey,True,16.61,1179.6,1,1,229.8,105.17,401.3,91.14,-0.58,540.4,121.88,1.38,18.26,19.59,0.2,18.25,0.35,17.98,0.1,652.6,24.64,province,308.33,-17.13,436.62,19.92,304.04,30.7,436.74,7.81,1401.66,7321.02,5223.11,703.51,11728.91,16672.04,5904.66,15903.71,2693.42,4585.75,11433.61,2493.29,7861.08,38492.7,4896.62,940.05,3844.04,4089.21,3889.31,37771.51,9711.62,3450.92,118.84,34.44,12.13,37.98,,26.12,26.94,8.61,10.78,6.76,3.0,19.52,39.54,114.37,7.69
2021,Northern Province,Gakenke,RW42,8.21,low,cari_survey,True,15.02,1268.6,1,1,218.2,109.84,413.0,94.14,-0.41,560.9,121.93,1.58,18.8,20.22,0.1,18.7,0.23,18.48,0.06,652.6,24.64,province,308.33,-17.13,436.62,19.92,304.04,30.7,436.74,7.81,1663.99,19225.4,11553.83,937.03,16092.3,17173.75,7038.01,26769.45,3803.55,4238.81,12414.81,2928.84,10096.86,105146.47,10413.78,1125.87,637.21,565.96,5928.59,128028.28,21595.06,2513.5,604.49,240.5,11.44,38.96,,41.29,35.04,21.78,9.44,3.5,3.0,1.11,91.38,-3.06,-41.9
2021,Northern Province,Musanze,RW43,14.22,low,cari_survey,True,11.47,1489.8,0,0,216.6,108.74,490.5,101.38,0.15,609.9,106.38,1.0,16.32,16.93,0.26,16.58,0.48,16.06,0.17,652.6,24.64,province,308.33,-17.13,436.62,19.92,304.04,30.7,436.74,7.81,1616.97,16989.63,10507.05,1016.86,13134.53,12916.73,2461.62,423.26,171.95,13870.55,100239.43,7226.78,8523.26,29093.3,3413.4,1579.59,4557.5,2885.24,3685.67,11835.37,3211.19,,0.0,0.0,14.54,44.77,,37.82,139.21,34.54,51.38,51.68,3.0,-6.85,45.15,-15.62,-1.78
2021,Northern Province,Burera,RW44,41.61,high,cari_survey,True,29.7,1269.7,1,0,216.0,107.98,410.9,96.46,-0.22,580.4,117.9,1.67,17.39,18.45,0.27,17.5,0.46,17.09,0.15,652.6,24.64,province,308.33,-17.13,436.62,19.92,304.04,30.7,436.74,7.81,1790.21,21396.52,11951.93,845.58,18037.66,21331.68,6616.11,239.37,36.18,10923.14,105613.33,9668.77,7824.87,36570.04,4673.57,1386.97,8840.39,6373.88,4112.04,13196.03,3209.12,,0.0,0.0,14.42,46.8,,27.92,47.22,14.19,5.59,26.88,3.0,-9.74,3.4,18.38,5.21
2021,Northern Province,Gicumbi,RW45,6.41,low,cari_survey,True,17.3,1177.1,1,2,230.7,106.39,407.4,94.04,-0.29,548.1,122.48,1.58,18.39,19.7,0.23,18.42,0.41,18.09,0.12,652.6,24.64,district,308.33,-17.13,436.62,19.92,304.04,30.7,436.74,7.81,1067.88,7825.89,7328.41,964.39,26262.8,27232.69,7167.9,14137.78,1972.37,8886.3,52735.07,5934.43,8345.56,70280.85,8421.34,1033.08,18872.89,18268.58,3263.82,33135.01,10152.22,,0.0,0.0,8.62,37.74,,22.15,17.77,5.48,4.92,7.37,3.0,-11.71,64.85,106.67,-18.43
2021,Eastern Province,Rwamagana,RW51,7.37,low,cari_survey,True,11.88,1043.7,1,1,218.0,108.26,386.9,98.72,-0.0,506.9,130.38,1.8,21.11,22.75,0.15,20.92,0.31,20.82,0.08,612.75,34.16,province,271.8,-17.78,438.18,21.32,322.71,20.32,434.2,7.46,1439.76,20482.52,14226.34,984.42,18829.03,19127.0,8942.17,17479.8,1954.76,4474.33,12226.06,2732.49,6027.78,19780.61,3281.57,1171.68,9820.21,8381.31,6271.66,119753.86,19094.44,3354.49,2668.23,795.42,10.74,48.73,,24.6,30.97,14.03,9.97,6.13,3.0,-20.83,91.57,116.8,-30.82
2021,Eastern Province,Nyagatare,RW52,12.12,low,cari_survey,True,16.51,1044.3,0,2,198.5,113.33,369.1,107.8,0.8,497.5,124.78,2.06,20.86,22.4,0.11,20.83,0.21,20.3,-0.03,612.75,34.16,province,271.8,-17.78,438.18,21.32,322.71,20.32,434.2,7.46,1666.52,75916.04,45553.7,816.94,36111.94,44203.85,7170.01,22536.46,3143.16,4613.27,6877.38,1490.78,3170.74,9832.53,3101.02,1647.86,34141.98,20719.04,6280.69,125067.53,19913.02,4464.61,14130.55,3165.02,10.98,56.38,,27.88,45.22,20.3,17.57,3.21,3.0,-27.13,18.25,2.18,-35.27
2021,Eastern Province,Gatsibo,RW53,26.33,medium,cari_survey,True,10.15,1135.7,1,3,233.5,113.55,429.6,112.02,1.03,528.2,128.36,1.94,20.87,22.35,0.14,20.78,0.26,20.47,0.05,621.95,30.19,district,260.69,-19.54,435.61,15.39,321.06,29.89,379.81,1.34,1759.51,43435.9,24686.39,854.55,26681.72,31222.99,12563.64,23443.57,1865.99,4686.92,18619.46,3972.64,9042.82,32915.83,3640.0,1102.09,13471.52,12223.65,6975.7,176696.66,25330.3,3724.17,11631.14,3123.15,9.4,44.74,,22.58,39.42,9.7,17.83,8.77,3.0,-9.16,47.92,288.79,5.63
2021,Eastern Province,Kayonza,RW54,12.16,low,cari_survey,True,32.74,1127.4,1,3,239.8,118.94,446.0,116.69,1.34,525.4,137.07,2.39,21.46,22.83,0.12,21.25,0.14,21.14,0.1,612.75,34.16,province,271.8,-17.78,438.18,21.32,322.71,20.32,434.2,7.46,1234.73,27740.34,22466.71,823.8,22345.41,27124.95,10784.07,73596.26,6824.53,1939.98,10872.76,5604.59,5788.03,18834.86,3254.11,1073.83,18174.47,16924.94,6270.21,94847.92,15126.76,4088.79,10179.03,2489.5,11.68,49.26,,19.92,23.66,6.57,9.02,7.42,3.0,-13.39,44.89,195.33,-46.28
2021,Eastern Province,Kirehe,RW55,9.94,low,cari_survey,True,22.58,1078.7,0,2,210.8,112.32,404.1,102.77,0.38,515.6,134.34,2.29,21.39,22.93,0.11,21.16,0.16,21.18,0.12,610.84,37.97,district,285.05,-14.57,438.64,26.71,325.23,15.13,472.73,10.58,1596.74,38440.38,24074.22,778.87,26849.24,34472.21,11689.54,42281.34,3617.02,2304.78,6172.68,2678.21,4640.62,13687.86,2949.58,844.47,11528.31,13651.59,6875.27,179867.74,26161.55,5038.62,10966.57,2176.5,11.3,50.64,,23.76,22.76,10.61,8.1,1.78,3.0,-11.12,32.63,316.34,-36.75
2021,Eastern Province,Ngoma,RW56,14.12,low,cari_survey,True,13.35,1093.2,1,1,231.6,108.44,390.4,97.72,-0.08,541.6,132.42,2.15,21.42,23.07,0.06,21.18,0.21,21.23,0.04,612.75,34.16,province,271.8,-17.78,438.18,21.32,322.71,20.32,434.2,7.46,1866.56,27853.64,14922.44,874.47,22983.21,26282.45,9006.01,23918.14,2655.8,5036.4,8830.15,1753.27,6943.47,19605.49,2823.59,1027.46,3840.47,3737.82,7023.61,171175.8,24371.5,3794.3,6554.64,1727.5,11.4,44.33,,20.71,27.55,11.44,10.8,4.33,3.0,-6.69,83.76,155.34,-1.5
2021,Eastern Province,Bugesera,RW57,18.26,medium,cari_survey,True,8.86,977.9,1,1,195.9,104.79,336.0,92.51,-0.49,494.4,131.25,1.87,21.42,23.25,0.15,21.17,0.31,21.21,0.13,612.75,34.16,province,271.8,-17.78,438.18,21.32,322.71,20.32,434.2,7.46,1061.94,19178.28,18059.66,836.83,26340.39,31476.45,3661.52,22413.5,6121.37,2744.2,1521.89,554.58,6180.17,37438.03,6057.77,741.86,7102.09,9573.36,4649.71,87590.22,18837.78,2552.57,9294.98,3641.41,11.55,43.42,,21.56,34.85,19.21,10.72,4.48,3.0,-19.86,41.19,138.28,-9.28
2022,Kigali City,Nyarugenge,RW11,5.59,low,interpolated,False,5.39,1158.0,0,1,195.0,112.66,445.5,111.88,0.55,438.0,108.12,0.46,20.1,20.85,-0.04,19.6,-0.22,20.15,0.25,389.92,-36.93,national,286.2,-6.73,386.02,-5.07,257.88,-18.2,454.59,1.29,828.42,879.77,1061.99,687.29,2305.27,3354.15,6056.83,2617.32,432.13,3020.45,534.41,176.93,4514.5,1811.04,401.16,1471.61,492.99,335.0,7611.3,15482.45,2034.14,,0.0,0.0,7.75,35.93,81.89,11.46,36.37,4.31,30.63,1.31,3.0,-24.64,-29.79,31.91,-44.05
2022,Kigali City,Gasabo,RW12,5.05,low,interpolated,False,5.33,1158.0,0,1,197.8,114.07,456.3,114.3,0.96,447.1,109.53,0.61,20.0,20.7,0.03,19.5,-0.18,20.07,0.32,389.92,-36.93,national,286.2,-6.73,386.02,-5.07,257.88,-18.2,454.59,1.29,2107.51,9595.82,4553.16,852.26,9201.19,10796.28,8126.24,10644.24,1309.86,3192.15,5318.99,1666.27,5194.72,9829.45,1892.2,1233.2,3550.41,2879.01,7055.75,34495.66,4889.02,3424.14,1647.55,481.16,13.74,39.97,68.64,22.15,36.84,9.41,17.71,9.34,3.0,55.22,-11.22,12.46,-1.14
2022,Kigali City,Kicukiro,RW13,3.0,low,interpolated,False,3.62,1108.4,0,1,203.0,112.87,448.8,117.55,0.98,414.5,105.44,0.33,20.78,21.58,-0.01,20.2,-0.24,20.86,0.31,389.92,-36.93,national,286.2,-6.73,386.02,-5.07,257.88,-18.2,454.59,1.29,1151.24,2141.24,1859.94,900.57,2651.98,2944.77,8724.9,1249.93,143.26,3150.19,235.12,74.64,8986.95,4452.96,495.49,1731.26,952.91,550.42,6583.38,9607.91,1459.42,4534.24,284.97,62.85,11.92,38.04,83.99,24.86,36.06,15.04,12.15,8.85,3.0,-1.81,0.28,34.3,-4.41
2022,Southern Province,Nyanza,RW21,25.78,medium,interpolated,False,28.52,1272.2,0,2,236.8,118.41,488.5,118.14,1.0,481.1,113.55,0.86,19.61,20.54,-0.09,19.1,-0.29,19.82,0.22,366.93,-39.14,province,290.91,-10.83,370.19,-6.1,254.64,-17.6,486.16,3.53,1490.97,12473.5,8366.02,717.32,18697.57,26065.76,12771.69,81677.71,6395.21,2444.99,2008.67,821.54,7257.58,20338.71,2802.41,1260.2,4282.65,3398.38,5549.14,36567.28,6589.72,3758.97,3905.99,1039.11,11.82,40.26,48.36,13.1,21.21,5.17,6.73,8.81,3.0,8.16,-20.66,8.57,-16.04
2022,Southern Province,Gisagara,RW22,27.36,medium,interpolated,False,28.36,1363.5,0,2,219.0,117.21,509.8,117.22,0.88,535.3,114.4,1.05,20.25,21.38,0.06,19.57,-0.17,20.59,0.42,342.47,-43.9,district,282.47,-12.73,352.94,-11.47,259.36,-17.38,495.13,2.35,1686.87,14000.94,8299.97,638.18,15511.75,24306.36,10935.26,37514.12,3430.57,2663.44,1181.93,443.76,4819.32,23170.24,4807.78,1046.78,4110.59,3926.89,5638.47,47153.05,8362.74,3820.31,22490.12,5886.99,10.57,35.39,50.77,25.14,36.21,9.39,9.71,4.52,3.0,12.7,-13.31,-22.68,41.2
2022,Southern Province,Nyaruguru,RW23,26.34,medium,interpolated,False,28.91,1449.7,0,1,203.7,103.28,500.5,99.15,-0.16,531.7,94.71,-0.29,17.66,18.27,-0.01,17.3,-0.19,17.9,0.25,366.93,-39.14,province,290.91,-10.83,370.19,-6.1,254.64,-17.6,486.16,3.53,1965.6,11226.58,5711.52,634.66,8993.14,14169.96,7174.14,18048.74,2515.8,5885.53,20805.97,3535.11,7726.48,63287.15,8190.95,906.14,1880.22,2074.98,6064.66,24587.27,4054.19,,0.0,0.0,11.32,32.06,50.5,51.99,81.37,45.93,21.69,11.76,3.0,-0.22,-20.44,-19.74,-8.99
2022,Southern Province,Huye,RW24,22.63,medium,interpolated,False,23.23,1370.9,0,1,258.4,116.62,544.6,119.88,1.07,489.7,109.33,0.71,18.74,19.63,0.05,18.25,-0.16,19.03,0.34,366.93,-39.14,province,290.91,-10.83,370.19,-6.1,254.64,-17.6,486.16,3.53,1286.1,7172.68,5577.09,630.97,12703.24,20132.73,14337.29,64924.9,4528.39,3279.29,5369.78,1637.48,5837.73,25765.38,4413.59,1180.95,4892.12,4142.52,5936.63,37326.34,6287.46,3872.74,7668.89,1980.22,7.93,37.11,56.32,17.95,33.19,7.74,9.97,11.47,3.0,-7.85,-28.75,3.24,-7.43
2022,Southern Province,Nyamagabe,RW25,28.51,medium,interpolated,False,25.51,1355.3,0,0,189.6,100.39,464.5,95.26,-0.45,488.8,91.33,-0.62,17.24,17.78,0.15,16.96,-0.04,17.46,0.38,387.92,-35.23,district,296.16,-10.22,384.64,-1.5,249.65,-18.05,476.71,3.86,1581.68,9199.76,5816.43,539.58,9553.65,17705.67,7830.17,27250.02,3480.13,5971.42,36031.05,6033.92,5958.65,66694.64,11192.92,1077.24,3152.14,2926.12,4891.17,30780.48,6293.08,2579.64,107.77,41.78,6.06,37.9,59.89,26.17,51.86,15.81,11.93,21.33,3.0,51.99,-11.14,4.07,-17.08
2022,Southern Province,Ruhango,RW26,20.53,medium,interpolated,False,16.65,1165.1,0,1,180.1,112.15,419.3,105.25,0.21,453.8,111.12,0.75,19.36,20.1,-0.13,18.93,-0.3,19.48,0.18,366.93,-39.14,province,290.91,-10.83,370.19,-6.1,254.64,-17.6,486.16,3.53,1271.92,6273.19,4932.08,630.79,13998.42,22192.04,16758.73,157630.95,9405.9,2943.6,2450.2,832.38,4521.96,17133.0,3788.84,1279.39,2441.22,1908.12,5848.37,42345.0,7240.48,3928.05,7075.93,1801.38,6.19,34.29,62.26,9.32,17.91,6.15,7.25,3.29,3.0,21.15,-22.09,16.12,8.04
2022,Southern Province,Muhanga,RW27,18.2,medium,interpolated,False,15.06,1214.2,0,1,181.8,108.7,417.9,99.08,-0.13,473.9,106.83,0.5,19.18,19.9,-0.1,18.81,-0.23,19.18,0.2,366.93,-39.14,province,290.91,-10.83,370.19,-6.1,254.64,-17.6,486.16,3.53,1639.95,3714.73,2265.15,723.76,8774.39,12123.4,9016.47,33631.62,3730.02,3363.34,1272.88,378.46,6821.5,53482.22,7840.24,664.56,151.44,227.89,7392.07,120191.98,16259.58,2709.15,808.42,298.4,4.69,38.56,43.15,15.24,15.17,7.12,6.28,1.6,3.0,75.8,9.09,-13.53,27.53
2022,Southern Province,Kamonyi,RW28,13.16,low,interpolated,False,13.06,1144.9,0,1,188.0,112.98,422.5,107.18,0.35,452.4,113.07,0.77,19.44,20.11,-0.08,18.99,-0.22,19.49,0.21,366.93,-39.14,province,290.91,-10.83,370.19,-6.1,254.64,-17.6,486.16,3.53,1307.95,7892.95,6034.57,606.78,13845.92,22818.56,9304.22,44242.37,4755.09,2735.15,3786.64,1384.43,5145.07,23764.69,4618.93,1373.48,3720.94,2709.14,6395.8,87991.59,13757.71,3146.56,1221.81,388.3,8.46,36.75,65.51,13.62,21.99,3.36,5.94,10.57,3.0,67.52,-24.69,82.48,41.43
2022,Western Province,Karongi,RW31,35.44,high,interpolated,False,41.16,1167.2,0,0,173.7,96.36,350.3,82.83,-1.24,458.9,93.63,-0.45,18.64,18.82,0.1,18.55,-0.05,18.72,0.35,454.65,-28.55,district,309.71,-6.77,364.86,5.84,237.71,-25.58,487.14,6.96,1445.28,12179.72,8427.25,826.72,11417.54,13810.61,7304.82,25307.46,3464.49,5530.83,12215.67,2208.65,9021.05,57538.89,6378.29,889.14,1402.69,1577.58,9150.87,91073.8,9952.47,,0.0,0.0,8.45,33.46,49.22,25.23,35.04,15.53,8.65,10.85,3.0,-14.44,-13.79,-4.66,7.9
2022,Western Province,Rutsiro,RW32,41.54,high,interpolated,False,48.93,1175.4,0,0,189.2,96.97,338.5,79.48,-1.36,466.8,96.37,-0.23,18.44,18.62,-0.04,18.43,-0.21,18.47,0.21,454.65,-28.55,province,309.71,-6.77,364.86,5.84,237.71,-25.58,487.14,6.96,1400.89,11017.17,7864.4,838.48,6909.41,8240.44,10283.24,17153.99,1668.15,7226.21,49591.75,6862.76,5991.27,36913.24,6161.17,1599.72,45.45,28.41,7580.14,62564.8,8253.78,,0.0,0.0,10.5,40.35,59.55,34.91,64.72,13.96,4.9,31.74,3.0,0.29,-7.62,-8.14,36.37
2022,Western Province,Rubavu,RW33,29.49,medium,interpolated,False,29.73,1151.5,0,0,177.5,96.11,317.3,78.02,-1.37,466.6,94.11,-0.37,17.0,17.27,-0.08,17.05,-0.22,17.0,0.13,454.65,-28.55,province,309.71,-6.77,364.86,5.84,237.71,-25.58,487.14,6.96,1707.02,7675.26,4496.3,653.47,7838.02,11994.51,9132.42,2090.06,228.86,13066.53,164087.35,12557.83,6350.73,10024.49,1578.48,1924.17,837.41,435.21,8188.09,28060.2,3426.95,,0.0,0.0,9.59,50.75,33.43,38.42,640.73,47.37,37.38,554.44,3.0,-2.17,-13.86,20.52,-7.83
2022,Western Province,Nyabihu,RW34,21.3,medium,interpolated,False,23.46,1268.8,0,0,202.2,97.33,372.7,79.2,-1.38,500.5,93.55,-0.33,15.51,15.71,-0.05,15.47,-0.18,15.58,0.2,454.65,-28.55,province,309.71,-6.77,364.86,5.84,237.71,-25.58,487.14,6.96,1631.48,11908.98,7299.51,675.56,6609.35,9783.48,5167.29,1686.99,326.47,11585.45,260538.64,22488.44,5005.75,28556.8,5704.8,995.85,791.23,794.53,5135.34,5705.8,1111.08,,0.0,0.0,13.84,39.42,50.7,51.54,350.39,17.11,16.53,311.24,3.0,-8.2,10.33,8.04,-26.91
2022,Western Province,Ngororero,RW35,44.86,high,interpolated,False,52.53,1192.3,0,0,190.8,98.46,372.3,82.9,-1.18,466.4,96.03,-0.24,16.92,17.33,-0.06,16.75,-0.2,16.96,0.22,454.65,-28.55,province,309.71,-6.77,364.86,5.84,237.71,-25.58,487.14,6.96,840.46,6774.99,8061.07,681.0,11348.79,16664.86,11184.94,17217.99,1539.39,4510.31,16778.94,3720.13,6002.71,63629.48,10600.12,644.96,397.76,616.72,7430.14,65716.6,8844.6,,0.0,0.0,8.43,28.93,50.67,30.58,50.94,19.77,9.54,11.24,3.0,-1.63,-9.85,104.46,19.21
2022,Western Province,Rusizi,RW36,18.65,medium,interpolated,False,19.3,1374.9,0,0,181.3,95.61,423.7,89.09,-0.96,523.9,87.73,-1.04,19.08,19.8,-0.1,18.8,-0.23,19.5,0.21,454.65,-28.55,province,309.71,-6.77,364.86,5.84,237.71,-25.58,487.14,6.96,1433.07,12330.03,8603.91,648.71,12464.79,19214.79,7716.88,87462.07,11333.87,4560.18,1822.87,399.74,7884.55,24283.21,3079.85,568.27,86.34,151.93,5027.66,33005.04,6564.69,4739.79,13894.77,2931.52,6.38,39.41,69.07,41.86,53.98,20.17,13.5,15.03,3.0,14.37,-24.17,-13.71,147.08
2022,Western Province,Nyamasheke,RW37,34.43,high,interpolated,False,32.59,1336.6,0,0,173.5,94.03,408.1,86.1,-1.14,519.3,86.8,-1.21,18.55,18.87,0.1,18.41,-0.07,18.79,0.35,454.65,-28.55,province,309.71,-6.77,364.86,5.84,237.71,-25.58,487.14,6.96,1412.67,8882.69,6287.85,654.51,9578.59,14634.78,9448.75,69185.8,7322.22,5898.01,614.86,104.25,6055.89,34918.18,5765.99,695.84,48.39,69.54,3957.37,30889.56,7805.57,4021.41,2989.46,743.39,7.15,34.82,57.04,53.32,60.67,31.95,13.48,15.1,3.0,10.69,-29.52,-6.71,9.4
2022,Northern Province,Rulindo,RW41,24.28,medium,interpolated,False,26.96,1261.5,0,1,194.6,112.47,476.5,108.22,0.59,480.5,108.37,0.54,18.11,18.6,0.05,17.81,-0.09,18.13,0.26,491.23,-24.73,province,256.13,-16.93,413.69,-5.25,265.24,-12.76,432.14,-1.05,1247.8,6798.06,5448.02,715.71,13920.39,19449.76,6471.36,15928.06,2461.32,4856.87,12227.93,2517.65,5254.9,31671.2,6026.99,774.49,4559.76,5887.43,4734.11,50320.34,10629.32,3071.76,103.0,33.53,9.84,35.74,65.63,24.51,29.48,8.74,10.62,10.05,3.0,-10.98,1.73,9.6,5.91
2022,Northern Province,Gakenke,RW42,10.76,low,interpolated,False,8.21,1229.0,0,0,191.6,106.41,416.9,95.03,-0.36,462.3,100.5,0.04,18.67,19.27,-0.03,18.33,-0.14,18.68,0.25,491.23,-24.73,province,256.13,-16.93,413.69,-5.25,265.24,-12.76,432.14,-1.05,1702.87,19939.63,11709.4,837.55,16446.66,19636.71,7135.92,28755.68,4029.71,4151.23,12780.73,3078.78,8092.27,119616.57,14781.59,1465.18,709.26,484.08,8142.14,133913.66,16446.98,2518.53,226.64,89.99,10.11,37.43,55.45,47.02,39.6,24.8,10.91,3.69,3.0,2.34,-10.62,1.39,-2.07
2022,Northern Province,Musanze,RW43,13.11,low,interpolated,False,14.22,1339.2,0,0,203.6,97.74,393.9,81.42,-1.37,533.4,93.04,-0.28,16.22,16.47,0.15,16.11,0.0,16.27,0.38,491.23,-24.73,province,256.13,-16.93,413.69,-5.25,265.24,-12.76,432.14,-1.05,1582.63,16429.95,10381.42,998.85,11418.04,11431.21,6015.48,216.09,35.92,11140.11,138473.16,12430.14,8613.75,23273.42,2701.89,1428.63,4710.99,3297.56,6233.81,11937.62,1914.98,,0.0,0.0,13.1,37.72,57.02,41.43,209.92,40.6,19.83,107.27,3.0,-2.12,-1.77,144.37,-19.69
2022,Northern Province,Burera,RW44,34.84,high,interpolated,False,41.61,1191.2,0,0,188.9,101.3,370.0,86.85,-0.99,467.0,94.86,-0.28,17.25,17.61,0.13,17.03,-0.0,17.29,0.36,491.23,-24.73,province,256.13,-16.93,413.69,-5.25,265.24,-12.76,432.14,-1.05,1683.56,20128.81,11956.08,1004.21,20729.55,20642.72,8416.42,575.43,68.37,9813.98,127908.16,13033.26,7963.32,39927.35,5013.91,1392.87,10117.99,7264.15,5969.28,15449.45,2588.16,,0.0,0.0,13.59,41.14,72.89,33.81,80.09,18.39,8.2,51.18,3.0,-5.96,18.76,27.21,-10.15
2022,Northern Province,Gicumbi,RW45,9.47,low,interpolated,False,6.41,1204.1,0,1,178.0,108.83,456.2,105.31,0.51,455.8,101.85,0.24,18.31,18.76,0.15,17.93,-0.07,18.37,0.4,491.23,-24.73,district,256.13,-16.93,413.69,-5.25,265.24,-12.76,432.14,-1.05,1117.88,8767.71,7843.16,836.35,24994.03,29884.77,7793.68,10184.01,1306.7,8708.33,52280.47,6003.5,8098.75,78468.06,9688.91,1416.49,18284.34,12908.22,4812.86,39071.97,8118.25,,0.0,0.0,10.37,32.81,58.39,25.71,25.31,7.78,7.24,10.27,3.0,4.68,-13.28,8.73,-2.0
2022,Eastern Province,Rwamagana,RW51,10.58,low,interpolated,False,7.37,1047.5,0,1,197.9,108.65,448.2,114.37,1.0,386.2,99.33,0.09,21.0,21.78,0.04,20.38,-0.23,21.21,0.47,361.69,-40.97,province,267.73,-1.5,404.48,-7.69,274.35,-14.99,407.28,-6.2,1265.83,16251.72,12838.82,688.95,16528.21,23990.54,13576.1,24338.5,1792.75,3815.32,13245.91,3471.77,4694.97,9598.61,2044.45,1190.55,11781.43,9895.78,6851.23,131369.83,19174.63,4147.2,4111.92,991.49,11.47,40.06,74.26,30.33,47.39,15.68,11.33,11.9,3.0,-12.08,-30.02,51.82,-14.73
2022,Eastern Province,Nyagatare,RW52,9.83,low,interpolated,False,12.12,986.1,0,1,142.5,107.01,368.0,107.48,0.78,393.1,98.6,0.14,21.03,21.81,0.27,20.55,-0.06,20.94,0.6,361.69,-40.97,province,267.73,-1.5,404.48,-7.69,274.35,-14.99,407.28,-6.2,1920.14,75347.9,39240.76,849.97,34767.14,40904.18,9457.06,24896.18,2632.55,4718.28,7219.67,1530.15,3657.9,7713.85,2108.82,1451.79,32004.6,22044.87,7617.67,136935.02,17975.97,4237.96,13654.28,3221.9,12.26,53.23,71.34,29.67,50.26,18.97,18.09,2.57,3.0,15.22,4.04,31.9,2.28
2022,Eastern Province,Gatsibo,RW53,22.97,medium,interpolated,False,26.33,1120.8,0,1,193.1,112.06,451.2,117.65,1.42,415.5,100.97,0.25,20.97,21.63,0.24,20.44,-0.07,21.05,0.63,350.37,-43.67,district,252.08,-3.3,405.79,-6.85,244.97,-23.7,375.57,-1.12,1508.9,38297.83,25381.31,699.92,24189.63,34560.52,10176.23,23233.41,2283.11,4587.39,20610.74,4492.91,5472.26,22037.52,4027.13,1250.78,13798.61,11032.01,7735.47,181666.67,23484.9,3326.58,10163.49,3055.24,8.93,41.84,54.32,22.42,35.22,10.2,10.8,8.24,3.0,-14.24,-18.1,-19.0,-2.12
2022,Eastern Province,Kayonza,RW54,11.96,low,interpolated,False,12.16,1059.0,0,1,202.5,111.72,449.2,117.53,1.39,379.6,99.03,0.13,21.52,22.18,0.18,21.07,-0.03,21.66,0.62,361.69,-40.97,province,267.73,-1.5,404.48,-7.69,274.35,-14.99,407.28,-6.2,961.23,20400.87,21223.82,567.03,16801.24,29630.24,11913.43,73320.65,6154.45,2593.93,15735.63,6066.34,4801.58,15365.04,3200.0,1221.04,17114.96,14016.75,7591.26,107295.67,14134.1,4163.28,13198.27,3170.16,11.67,46.8,78.44,23.08,31.42,7.76,9.95,12.92,3.0,-22.15,-31.17,10.47,33.71
2022,Eastern Province,Kirehe,RW55,11.55,low,interpolated,False,9.94,1067.7,0,1,179.9,111.17,454.5,115.59,1.29,384.4,100.16,0.21,21.33,22.19,0.05,20.82,-0.18,21.58,0.52,371.31,-39.21,district,281.11,-1.38,401.5,-8.47,295.22,-9.23,433.85,-8.22,1329.76,34092.69,25638.18,580.71,21988.25,37864.73,7588.29,17917.69,2361.23,2202.12,8052.87,3656.88,5575.52,10858.0,1947.44,924.59,13557.79,14663.64,8709.18,173057.86,19870.75,4677.61,8869.56,1896.17,9.22,43.21,79.26,27.59,31.31,12.94,10.35,2.3,3.0,-16.72,-25.44,-35.08,-4.45
2022,Eastern Province,Ngoma,RW56,15.91,medium,interpolated,False,14.12,1089.1,0,1,178.4,108.03,450.5,112.77,0.94,404.5,98.9,0.1,21.31,22.26,-0.04,20.66,-0.31,21.61,0.42,361.69,-40.97,province,267.73,-1.5,404.48,-7.69,274.35,-14.99,407.28,-6.2,1438.21,23877.83,16602.44,847.97,24656.9,29077.64,9570.47,45757.7,4781.13,4067.19,11602.52,2852.71,5665.83,13918.29,2456.53,723.54,5075.39,7014.71,7828.18,178258.63,22771.4,3330.51,5830.56,1750.65,7.42,40.06,63.75,16.99,409.87,7.81,8.82,4.37,3.0,-22.95,-3.03,6.27,-19.24
2022,Eastern Province,Bugesera,RW57,17.8,medium,interpolated,False,18.26,1012.8,0,1,158.0,108.53,386.1,106.31,0.39,389.5,103.4,0.31,21.21,22.27,-0.05,20.53,-0.33,21.41,0.32,361.69,-40.97,province,267.73,-1.5,404.48,-7.69,274.35,-14.99,407.28,-6.2,1061.63,18205.98,17149.09,672.22,22486.23,33450.92,8737.02,34712.15,3973.0,1973.8,2956.62,1497.94,5196.74,17666.44,3399.53,866.29,7278.55,8401.96,6435.35,112327.56,17454.76,5502.4,16312.54,2964.62,13.75,41.54,89.44,26.99,31.65,12.29,10.63,8.44,3.0,-0.03,-19.67,138.62,-28.07
2023,Kigali City,Nyarugenge,RW11,5.79,low,interpolated,False,5.39,986.5,1,0,172.5,95.97,401.5,100.83,-0.05,375.0,92.57,-0.35,19.98,20.98,-0.17,19.78,-0.05,20.0,0.1,823.52,111.2,national,533.15,86.29,564.11,46.13,398.39,54.49,625.23,37.54,989.86,1004.96,1015.25,435.04,1682.9,3868.35,11520.01,4396.95,381.68,2094.25,221.18,105.61,5115.76,1936.04,378.45,773.27,355.1,459.21,11203.13,16879.46,1506.67,,0.0,0.0,10.74,35.45,55.71,8.92,7.46,2.92,3.7,0.84,3.0,19.49,-36.7,90.2,-30.66
2023,Kigali City,Gasabo,RW12,4.76,low,interpolated,False,5.33,955.2,0,0,163.9,94.09,386.1,96.72,-0.12,367.7,90.08,-0.43,19.83,20.75,-0.14,19.69,0.01,19.8,0.05,823.52,111.2,national,533.15,86.29,564.11,46.13,398.39,54.49,625.23,37.54,1173.0,4679.76,3989.55,835.52,9202.62,11014.21,10884.75,14505.28,1332.62,3803.15,5011.13,1317.62,6669.54,13754.5,2062.29,1014.72,3618.51,3566.02,11157.81,32264.7,2891.67,4547.41,2317.52,509.64,11.74,36.01,57.63,15.01,34.69,8.92,14.73,10.9,3.0,-44.34,-1.96,33.95,19.14
2023,Kigali City,Kicukiro,RW13,2.37,low,interpolated,False,3.62,923.3,0,0,172.6,94.02,375.3,98.3,-0.09,354.3,90.13,-0.44,20.65,21.69,-0.14,20.44,0.01,20.65,0.11,823.52,111.2,national,533.15,86.29,564.11,46.13,398.39,54.49,625.23,37.54,1117.06,1866.64,1671.03,527.68,1313.93,2489.99,10958.32,1506.86,137.51,2980.52,97.66,32.77,8680.6,6717.41,773.84,1146.53,912.44,795.82,11517.87,9352.37,811.99,4250.27,382.57,90.01,12.41,37.9,47.19,25.03,28.6,11.9,9.98,6.7,3.0,-2.97,-41.41,25.6,-5.39
2023,Southern Province,Nyanza,RW21,23.05,medium,interpolated,False,28.52,1099.6,0,0,166.5,102.35,427.3,103.34,0.09,408.1,96.32,-0.12,19.47,20.75,-0.23,19.3,-0.09,19.64,0.04,834.77,127.5,province,560.89,92.81,545.11,47.25,388.01,52.37,649.47,33.59,1187.57,8725.19,7347.07,479.72,10244.39,21355.05,15465.65,82171.42,5313.16,2893.15,2078.93,718.57,6835.67,29337.43,4291.81,973.9,4946.0,5078.53,8824.05,39944.88,4526.82,3274.94,3416.84,1043.33,10.32,40.68,68.35,9.85,22.48,3.74,8.82,9.44,3.0,-20.35,-33.12,21.09,18.33
2023,Southern Province,Gisagara,RW22,26.37,medium,interpolated,False,28.36,1245.8,0,0,205.8,107.09,461.0,106.0,0.25,446.6,95.45,-0.14,20.2,21.8,0.01,19.84,0.09,20.45,0.28,817.36,138.67,district,567.42,100.88,536.86,52.11,391.85,51.08,659.01,33.1,1409.23,11858.13,8414.61,515.74,12664.44,24555.87,16834.31,57154.49,3395.12,2521.31,1282.89,508.82,5196.25,24067.0,4631.61,874.37,4742.15,5423.48,9135.39,46118.86,5048.37,3712.37,20012.12,5390.66,9.28,36.35,67.15,20.99,126.87,64.85,45.8,6.16,3.0,-16.46,-19.19,53.95,-5.34
2023,Southern Province,Nyaruguru,RW23,23.78,medium,interpolated,False,28.91,1426.7,0,0,211.2,101.64,475.8,94.26,-0.45,567.2,101.03,0.15,17.49,18.56,-0.18,17.64,0.15,17.48,-0.16,834.77,127.5,province,560.89,92.81,545.11,47.25,388.01,52.37,649.47,33.59,1638.31,8823.16,5385.52,622.39,7423.78,11927.93,10701.73,23959.68,2238.86,5696.0,20609.49,3618.24,8333.24,58021.42,6962.64,564.83,1976.25,3498.82,10403.87,26077.63,2506.53,,0.0,0.0,9.56,35.18,57.17,47.76,101.67,40.74,17.13,13.58,3.0,-16.65,-1.93,49.17,-3.22
2023,Southern Province,Huye,RW24,22.02,medium,interpolated,False,23.23,1247.3,0,0,197.9,106.11,487.2,107.24,0.35,437.5,97.68,-0.02,18.65,20.05,-0.05,18.46,0.06,18.88,0.2,834.77,127.5,province,560.89,92.81,545.11,47.25,388.01,52.37,649.47,33.59,1186.77,5733.36,4831.04,433.11,7948.15,18351.22,16605.55,60548.38,3646.27,3272.67,5165.8,1578.47,6704.35,31104.94,4639.51,812.7,5274.77,6490.45,10026.21,35867.73,3577.4,3732.88,7223.3,1935.05,9.68,33.56,68.66,20.7,29.13,8.06,9.19,8.6,3.0,-7.72,-31.36,15.82,-0.2
2023,Southern Province,Nyamagabe,RW25,31.51,high,interpolated,False,25.51,1307.2,0,0,181.8,96.82,457.2,93.77,-0.54,545.0,101.83,0.17,17.02,17.99,-0.07,17.22,0.22,17.04,-0.04,852.1,119.66,district,554.13,87.11,553.69,43.95,384.02,53.82,638.68,33.98,1329.23,7710.86,5800.99,501.32,7592.19,15144.32,9217.01,25291.96,2744.05,6843.9,46670.1,6819.23,6065.79,71256.66,11747.3,711.83,3110.82,4370.2,8236.07,34770.31,4221.71,1801.42,81.63,45.31,5.66,41.08,64.32,26.58,58.55,17.53,14.34,24.81,3.0,-15.96,-7.09,17.71,14.61
2023,Southern Province,Ruhango,RW26,24.42,medium,interpolated,False,16.65,1046.9,0,0,159.1,100.77,401.7,100.83,-0.06,398.9,97.67,-0.02,19.21,20.24,-0.28,19.15,-0.09,19.23,-0.07,834.77,127.5,province,560.89,92.81,545.11,47.25,388.01,52.37,649.47,33.59,1363.29,5923.44,4344.97,451.7,8396.33,18588.36,18175.77,190299.36,10469.94,2477.59,1388.75,560.52,4946.64,16253.79,3285.82,684.85,2134.23,3116.34,9165.97,41757.79,4555.74,3780.92,6809.62,1801.05,7.09,35.74,59.3,8.19,18.03,4.13,8.93,4.4,3.0,7.18,-28.39,8.46,-15.83
2023,Southern Province,Muhanga,RW27,21.34,medium,interpolated,False,15.06,1110.1,0,0,159.7,99.38,386.8,91.7,-0.57,474.8,107.03,0.51,19.0,19.81,-0.28,19.04,-0.01,18.81,-0.16,834.77,127.5,province,560.89,92.81,545.11,47.25,388.01,52.37,649.47,33.59,1263.5,2935.97,2323.69,399.59,6071.88,15195.45,15108.23,66690.21,4414.16,3635.56,1726.31,474.84,6635.91,58870.96,8871.58,728.67,135.34,185.74,9456.52,126908.47,13420.21,2153.98,552.5,256.5,6.34,37.6,61.56,15.92,14.92,8.11,4.11,2.46,3.0,-22.96,-44.79,67.56,8.09
2023,Southern Province,Kamonyi,RW28,13.27,low,interpolated,False,13.06,1004.7,0,0,146.6,99.14,385.5,97.79,-0.18,404.8,101.17,0.12,19.32,20.33,-0.2,19.16,-0.05,19.34,0.06,834.77,127.5,province,560.89,92.81,545.11,47.25,388.01,52.37,649.47,33.59,1312.84,8717.79,6640.4,374.84,7689.6,20514.31,13460.29,57543.36,4275.04,2596.75,3355.28,1292.11,5049.03,25878.61,5125.46,978.47,4168.63,4260.36,9952.22,90480.48,9091.49,3034.02,1127.67,371.68,8.49,37.99,56.07,7.98,10.07,2.85,3.95,2.01,3.0,0.37,-38.22,44.67,-5.06
2023,Western Province,Karongi,RW31,29.73,medium,interpolated,False,41.16,1147.4,0,0,162.3,94.72,388.9,91.96,-0.65,509.8,104.02,0.3,18.49,19.08,-0.04,18.8,0.2,18.34,-0.03,918.88,102.11,district,553.85,78.83,570.31,56.31,390.92,64.45,720.67,47.94,1267.23,9594.9,7571.58,877.31,10912.14,12438.25,11158.16,40604.17,3638.97,5428.35,11900.88,2192.36,8334.4,66797.01,8014.62,947.27,1766.03,1864.33,11111.53,94917.42,8542.25,,0.0,0.0,8.66,36.46,57.13,23.25,39.33,15.16,13.84,9.67,3.0,-12.32,6.12,52.75,-1.85
2023,Western Province,Rutsiro,RW32,34.15,high,interpolated,False,48.93,1129.5,0,0,179.4,93.19,374.0,87.81,-0.85,521.5,107.66,0.67,18.32,18.92,-0.15,18.66,0.02,18.11,-0.15,918.88,102.11,province,553.85,78.83,570.31,56.31,390.92,64.45,720.67,47.94,1146.27,9161.25,7992.25,797.92,5728.17,7178.86,12732.79,15272.98,1199.5,6194.16,43541.96,7029.51,7049.41,36198.35,5134.95,819.58,89.42,109.1,12417.28,64346.08,5181.98,,0.0,0.0,7.23,39.37,63.06,28.13,73.9,13.64,7.07,36.02,3.0,-18.18,-4.84,23.82,-14.28
2023,Western Province,Rubavu,RW33,29.25,medium,interpolated,False,29.73,1151.0,0,0,193.4,96.07,356.8,87.73,-0.78,544.6,109.84,1.27,16.82,17.61,-0.26,17.25,-0.02,16.48,-0.39,918.88,102.11,province,553.85,78.83,570.31,56.31,390.92,64.45,720.67,47.94,1654.11,7502.45,4535.65,823.33,9486.92,11522.69,12990.88,2737.19,210.7,10774.33,143679.51,13335.35,6611.16,9142.27,1382.85,1013.23,604.02,596.14,11080.03,24216.0,2185.55,,0.0,0.0,7.25,48.79,46.71,31.84,241.23,44.8,16.33,178.83,3.0,-3.1,25.99,42.25,-17.54
2023,Western Province,Nyabihu,RW34,19.13,medium,interpolated,False,23.46,1277.9,0,0,191.1,98.03,431.8,91.76,-0.56,579.9,108.39,1.15,15.31,16.0,-0.25,15.68,0.04,15.08,-0.3,918.88,102.11,province,553.85,78.83,570.31,56.31,390.92,64.45,720.67,47.94,2142.53,16187.74,7555.44,1151.86,10934.19,9492.64,9464.49,1742.63,184.12,12218.11,242152.05,19819.12,5753.0,25300.06,4397.72,795.41,466.23,586.15,8949.23,5745.85,642.05,,0.0,0.0,9.6,41.99,59.29,42.74,235.82,13.71,17.25,204.13,3.0,31.32,70.5,83.16,5.46
2023,Western Province,Ngororero,RW35,37.19,high,interpolated,False,52.53,1151.7,0,0,172.9,95.11,398.1,88.64,-0.82,505.5,104.08,0.37,16.75,17.32,-0.23,17.04,0.09,16.51,-0.23,918.88,102.11,province,553.85,78.83,570.31,56.31,390.92,64.45,720.67,47.94,1163.54,7923.78,6810.04,725.38,10618.21,14638.19,14384.99,20990.48,1459.19,5660.07,21552.51,3807.82,5850.32,60855.93,10402.16,625.3,491.88,786.64,8898.42,71532.3,8038.76,,0.0,0.0,8.3,34.8,54.51,32.9,49.13,17.2,8.13,13.18,3.0,38.44,6.52,28.61,25.49
2023,Western Province,Rusizi,RW36,18.0,medium,interpolated,False,19.3,1429.4,0,0,201.2,99.4,452.6,95.16,-0.53,633.6,106.1,0.31,18.93,20.28,-0.24,19.02,-0.02,19.09,-0.2,918.88,102.11,province,553.85,78.83,570.31,56.31,390.92,64.45,720.67,47.94,1365.77,11308.02,8279.58,684.12,14126.53,20649.21,8013.73,97618.96,12181.46,5160.68,1751.51,339.39,7454.64,29082.81,3901.3,703.12,154.42,219.62,10934.62,39874.57,3646.63,5090.66,14126.52,2774.99,6.93,37.6,66.59,40.33,54.07,17.09,13.69,19.72,3.0,-4.7,5.46,3.85,13.17
2023,Western Province,Nyamasheke,RW37,36.28,high,interpolated,False,32.59,1416.8,0,0,196.3,99.67,475.8,100.38,-0.17,624.3,104.35,0.23,18.37,19.24,-0.08,18.66,0.18,18.34,-0.11,918.88,102.11,province,553.85,78.83,570.31,56.31,390.92,64.45,720.67,47.94,1370.89,7929.21,5783.99,711.91,8579.68,12051.64,10695.1,66371.87,6205.82,4842.61,990.13,204.46,6702.13,35397.84,5281.58,808.0,57.26,70.86,9254.36,35124.98,3795.51,3684.95,2572.57,698.13,6.8,39.29,63.55,47.97,66.78,24.79,20.15,15.2,3.0,-2.96,8.77,13.19,-17.89
2023,Northern Province,Rulindo,RW41,21.6,medium,interpolated,False,26.96,1079.8,0,0,147.0,96.27,416.6,94.62,-0.34,427.4,96.39,-0.21,17.95,18.73,-0.12,17.94,0.04,17.91,0.04,823.52,111.2,national,533.15,86.29,564.11,46.13,398.39,54.49,625.23,37.54,1074.15,6054.91,5636.94,623.9,12367.66,19823.18,11829.72,19387.75,1638.9,4752.14,12302.08,2588.74,6571.04,46638.97,7097.66,1086.29,5466.48,5032.26,10980.94,49291.58,4488.83,3503.99,118.45,33.8,10.79,33.71,63.96,30.3,37.25,13.48,12.27,11.31,3.0,-13.92,-12.83,82.8,-2.16
2023,Northern Province,Gakenke,RW42,13.32,low,interpolated,False,8.21,1185.8,0,0,167.5,102.67,426.3,97.17,-0.22,500.4,108.78,0.64,18.46,19.15,-0.24,18.52,0.05,18.25,-0.17,823.52,111.2,national,533.15,86.29,564.11,46.13,398.39,54.49,625.23,37.54,1378.09,17612.55,12780.38,822.93,15874.21,19289.91,13865.05,31190.42,2249.57,4623.83,11742.05,2539.46,8301.81,100030.5,12049.25,814.18,394.12,484.08,11343.85,131668.4,11607.03,2969.97,152.95,51.5,9.44,39.2,60.16,41.47,36.67,21.87,10.94,3.86,3.0,-19.07,-1.75,94.3,11.38
2023,Northern Province,Musanze,RW43,12.01,low,interpolated,False,14.22,1377.7,0,0,194.2,100.55,459.7,95.02,-0.33,625.7,109.14,1.27,15.93,16.64,-0.13,16.28,0.17,15.7,-0.19,823.52,111.2,national,533.15,86.29,564.11,46.13,398.39,54.49,625.23,37.54,1504.07,14011.15,9315.49,1091.2,12793.47,11724.19,8532.81,552.63,64.76,10302.6,119370.54,11586.45,8355.39,33315.5,3987.3,1347.01,4624.48,3433.13,10360.43,11860.97,1144.83,,0.0,0.0,10.71,42.3,56.77,37.03,118.84,30.2,18.44,69.68,3.0,-4.96,9.25,41.85,-7.52
2023,Northern Province,Burera,RW44,28.07,medium,interpolated,False,41.61,1217.7,0,1,179.2,103.55,436.6,102.49,0.27,523.1,106.26,0.69,17.04,17.71,-0.08,17.23,0.2,16.86,-0.07,823.52,111.2,national,533.15,86.29,564.11,46.13,398.39,54.49,625.23,37.54,1475.41,19312.81,13089.77,1205.89,24467.89,20290.25,13094.0,949.5,72.51,9274.51,108590.38,11708.47,8409.67,46644.97,5546.59,1457.66,12580.24,8630.42,10997.63,13839.19,1258.38,,0.0,0.0,11.74,42.06,64.31,35.79,77.36,31.19,13.09,32.67,3.0,-12.36,20.08,55.58,-5.5
2023,Northern Province,Gicumbi,RW45,12.54,low,interpolated,False,6.41,1062.5,0,0,146.7,96.03,413.6,95.48,-0.19,420.0,93.85,-0.27,18.12,19.06,-0.04,18.19,0.18,17.99,0.02,823.52,111.2,national,533.15,86.29,564.11,46.13,398.39,54.49,625.23,37.54,1390.14,10509.4,7559.96,816.59,22510.26,27566.12,13147.26,16489.22,1254.19,7946.87,50255.27,6323.9,8285.65,101786.5,12284.67,1098.25,17754.35,16165.99,10778.31,39148.26,3632.13,,0.0,0.0,9.52,33.71,65.21,23.1,20.76,7.31,6.8,6.65,3.0,24.36,-2.36,68.69,-8.74
2023,Eastern Province,Rwamagana,RW51,13.79,low,interpolated,False,7.37,894.9,1,0,189.0,92.82,391.0,99.77,0.07,329.4,84.72,-0.72,20.89,21.98,-0.08,20.75,0.14,20.82,0.08,769.44,112.74,province,502.77,87.79,582.89,44.11,409.3,49.19,561.51,37.87,1037.35,13548.18,13060.34,441.17,12091.06,27407.04,16804.73,49029.0,2917.57,4061.33,12496.85,3077.03,6182.56,20247.65,3274.96,1185.94,13683.4,11537.98,14166.68,136377.89,9626.67,4145.75,4009.34,967.1,11.67,40.55,76.56,22.97,36.46,13.18,10.29,10.59,3.0,-18.05,-35.97,23.78,6.45
2023,Eastern Province,Nyagatare,RW52,7.53,low,interpolated,False,12.12,895.9,0,0,126.3,97.22,326.4,95.33,-0.08,390.5,97.94,0.09,20.72,22.38,-0.04,20.89,0.27,20.19,-0.14,769.44,112.74,province,502.77,87.79,582.89,44.11,409.3,49.19,561.51,37.87,2507.56,110394.26,44024.66,772.05,34268.36,44386.4,16730.26,45072.86,2694.09,5917.85,7713.99,1303.51,4233.42,14646.9,3459.83,1403.24,32640.0,23260.41,14862.72,138544.16,9321.59,3991.46,13464.48,3373.32,15.88,52.82,62.43,28.87,56.7,22.93,21.09,2.24,3.0,30.59,-9.17,76.91,25.42
2023,Eastern Province,Gatsibo,RW53,19.62,medium,interpolated,False,26.33,991.6,0,0,197.6,99.14,403.5,105.22,0.56,374.9,91.11,-0.37,20.77,22.12,0.05,20.84,0.33,20.43,0.01,777.47,121.9,district,499.98,98.34,569.17,40.26,379.28,54.83,507.83,35.22,1739.7,48506.25,27881.92,608.8,22393.89,36783.8,13571.2,28006.45,2063.67,4728.6,20694.61,4376.48,7581.94,28957.19,3819.23,1124.78,16012.15,14235.83,13121.72,191341.06,14582.01,4376.91,14224.68,3249.94,10.03,42.49,70.69,19.12,32.17,9.67,11.47,7.6,3.0,15.3,-13.02,33.36,3.08
2023,Eastern Province,Kayonza,RW54,11.77,low,interpolated,False,12.16,970.8,0,1,222.1,102.42,421.9,110.39,0.92,355.3,92.7,-0.25,21.42,22.78,0.08,21.44,0.34,21.11,0.07,769.44,112.74,province,502.77,87.79,582.89,44.11,409.3,49.19,561.51,37.87,1307.47,28740.41,21981.78,558.87,17690.76,31654.37,14464.9,95800.45,6622.96,2652.51,12867.7,4851.14,5621.7,21976.19,3909.17,1135.13,22243.68,19595.73,14103.43,109707.28,7778.76,3833.79,13597.28,3546.69,12.85,45.59,48.75,20.31,26.71,8.26,10.7,6.78,3.0,36.02,-1.44,21.42,2.26
2023,Eastern Province,Kirehe,RW55,13.15,low,interpolated,False,9.94,960.3,0,0,199.6,99.99,397.7,101.14,0.27,365.6,95.26,-0.08,21.27,22.13,-0.01,21.19,0.2,21.08,0.02,764.49,105.89,district,506.62,80.22,591.46,47.31,429.44,45.46,598.63,37.98,1932.62,46503.16,24062.19,625.01,23721.92,37954.59,16699.83,51398.95,3077.81,3248.66,8960.18,2758.11,5351.26,15572.2,2910.01,884.66,15470.76,17487.8,15119.12,178239.5,11789.02,4153.49,7906.98,1903.7,10.18,46.5,60.61,28.2,41.93,12.66,8.44,0.89,3.0,45.34,7.63,120.07,47.52
2023,Eastern Province,Ngoma,RW56,17.69,medium,interpolated,False,14.12,947.1,0,0,192.7,93.95,390.7,97.8,-0.07,361.1,88.29,-0.55,21.26,22.43,-0.09,21.08,0.1,21.26,0.07,769.44,112.74,province,502.77,87.79,582.89,44.11,409.3,49.19,561.51,37.87,1552.01,25474.25,16413.76,730.22,22071.01,30225.15,14479.67,57886.33,3997.77,4153.82,9031.34,2174.23,5893.76,14813.71,2513.46,1014.26,5931.0,5847.62,14617.9,183194.5,12532.2,3586.21,6060.22,1689.87,10.06,40.73,64.21,17.78,25.12,9.66,9.15,4.72,3.0,7.91,-13.89,51.3,2.13
2023,Eastern Province,Bugesera,RW57,17.33,medium,interpolated,False,18.26,871.3,1,0,154.5,93.37,343.8,94.66,-0.35,332.5,88.27,-0.54,21.14,22.41,-0.13,20.89,0.03,21.22,0.13,769.44,112.74,province,502.77,87.79,582.89,44.11,409.3,49.19,561.51,37.87,917.97,11828.69,12885.71,521.08,14203.29,27257.36,14307.82,34594.52,2417.87,1831.35,1751.02,956.14,5628.62,33852.8,6014.4,688.29,7758.72,11272.44,9788.91,100291.3,10245.4,4827.19,13498.35,2796.32,14.18,35.11,73.18,22.27,24.97,11.91,7.75,4.92,3.0,-13.53,-22.48,63.76,-7.22
2024,Kigali City,Nyarugenge,RW11,5.99,low,cari_survey,True,5.39,924.5,0,0,171.0,89.94,424.5,106.6,0.27,374.0,92.32,-0.37,20.68,22.91,0.54,19.87,0.05,20.29,0.4,947.2,15.02,national,516.15,-3.19,865.12,53.36,479.73,20.42,670.62,7.26,1354.5,1379.23,1018.26,903.83,2084.44,2306.22,15604.34,4475.29,286.8,5254.57,787.47,149.86,6994.65,3427.2,489.97,816.66,296.64,363.24,9509.93,16134.14,1696.56,,0.0,0.0,11.21,41.12,34.25,10.83,12.35,3.35,8.27,0.72,3.0,36.84,107.76,35.45,150.9
2024,Kigali City,Gasabo,RW12,4.48,low,cari_survey,True,5.33,953.7,0,0,181.0,93.94,437.8,109.67,0.67,410.2,100.49,0.13,20.52,22.67,0.55,19.7,0.02,20.16,0.41,947.2,15.02,national,516.15,-3.19,865.12,53.36,479.73,20.42,670.62,7.26,1939.04,9716.06,5010.76,1474.74,11563.52,7841.05,17506.52,15556.15,888.59,4185.13,4027.63,962.37,7525.79,14509.59,1927.98,1142.66,4100.85,3588.86,7366.5,38364.58,5207.98,4248.79,2415.55,568.53,12.17,41.64,41.66,22.8,38.69,12.77,17.1,8.82,3.0,65.31,76.51,60.84,10.04
2024,Kigali City,Kicukiro,RW13,1.75,low,cari_survey,True,3.62,894.9,0,0,163.4,91.13,394.6,103.35,0.19,384.4,97.79,-0.05,21.3,23.63,0.51,20.46,0.02,20.91,0.36,947.2,15.02,national,516.15,-3.19,865.12,53.36,479.73,20.42,670.62,7.26,1497.78,2650.33,1769.51,888.8,2191.56,2465.75,11196.28,1960.43,175.1,6621.84,66.47,10.04,7854.53,5749.28,731.97,1022.4,733.84,717.76,10007.52,10104.26,1009.67,3653.11,612.0,167.53,10.35,47.09,36.89,22.98,33.0,12.11,12.61,8.28,3.0,34.08,68.43,2.17,122.17
2024,Southern Province,Nyanza,RW21,20.31,medium,cari_survey,True,28.52,1077.5,0,0,221.9,100.29,498.4,120.53,1.14,407.4,96.15,-0.13,20.07,22.22,0.37,19.34,-0.05,19.83,0.22,970.95,16.31,province,561.51,0.11,861.69,58.08,480.35,23.8,718.8,10.68,1474.64,14778.78,10021.97,686.81,15353.4,22354.71,18548.91,84080.98,4532.93,5059.23,2532.98,500.67,5996.43,24589.95,4100.76,936.93,4956.53,5290.17,7458.34,41623.0,5580.73,3001.08,3664.38,1221.02,12.68,46.76,47.48,15.52,23.32,4.77,7.36,7.32,3.0,24.17,43.17,19.94,74.87
2024,Southern Province,Gisagara,RW22,25.37,medium,cari_survey,True,28.36,1174.0,0,0,234.9,100.92,495.7,113.98,0.7,497.0,106.22,0.53,20.72,23.19,0.53,19.9,0.16,20.5,0.33,925.63,13.25,district,560.16,-1.28,812.81,51.4,468.4,19.54,732.71,11.18,1885.73,17637.17,9352.97,807.43,17543.16,21727.03,18000.55,61084.52,3393.48,2904.03,202.72,69.81,6802.33,32962.47,4845.76,953.39,4557.42,4780.24,8069.29,51630.18,6398.36,3338.58,20507.86,6142.68,12.61,49.98,45.92,24.84,40.08,11.95,11.58,10.99,3.0,33.81,56.56,6.93,15.18
2024,Southern Province,Nyaruguru,RW23,21.21,medium,cari_survey,True,28.91,1368.1,0,0,271.6,97.46,616.1,122.05,1.2,540.7,96.31,-0.18,17.94,19.83,0.27,17.4,-0.09,17.76,0.11,970.95,16.31,province,561.51,0.11,861.69,58.08,480.35,23.8,718.8,10.68,2025.21,8578.89,4236.05,850.36,10871.19,12784.2,13832.13,22477.24,1625.0,6136.77,26126.2,4257.32,9872.78,84233.16,8531.86,549.54,1637.69,2980.09,8657.92,25750.47,2974.21,,0.0,0.0,7.54,40.51,57.01,42.97,134.42,46.82,18.04,22.35,3.0,23.62,36.63,29.25,7.74
2024,Southern Province,Huye,RW24,21.42,medium,cari_survey,True,23.23,1150.3,0,0,227.2,97.86,511.9,112.68,0.66,454.0,101.36,0.21,19.23,21.43,0.54,18.52,0.12,19.06,0.37,970.95,16.31,province,561.51,0.11,861.69,58.08,480.35,23.8,718.8,10.68,1439.99,9180.18,6375.19,780.78,12194.69,15618.59,19419.89,26404.15,1359.64,4340.82,4137.5,953.16,7975.99,39780.56,4987.54,1002.59,6205.97,6189.94,8195.36,31874.77,3889.37,3268.92,5691.79,1741.18,12.23,41.96,52.02,24.47,43.43,13.55,18.8,9.69,3.0,21.34,80.27,16.95,32.64
2024,Southern Province,Nyamagabe,RW25,34.51,high,cari_survey,True,25.51,1348.4,0,0,275.4,99.87,663.0,135.97,2.17,471.8,88.15,-0.85,17.56,19.34,0.48,17.04,0.04,17.41,0.33,1017.1,19.36,district,565.71,2.09,906.52,63.72,489.58,27.49,704.11,10.24,1674.88,10800.56,6448.57,712.01,9489.93,13328.29,12956.14,22953.4,1771.62,10197.66,49190.96,4823.75,7305.24,68957.35,9439.44,914.54,3711.89,4058.74,6579.96,34381.28,5225.15,1798.09,37.4,20.8,8.14,41.84,57.27,33.55,111.1,24.35,16.17,31.87,3.0,26.0,42.03,40.57,49.0
2024,Southern Province,Ruhango,RW26,28.3,medium,cari_survey,True,16.65,1032.7,0,0,221.3,99.4,504.9,126.73,1.51,371.2,90.89,-0.41,19.8,21.91,0.31,19.12,-0.11,19.48,0.18,970.95,16.31,province,561.51,0.11,861.69,58.08,480.35,23.8,718.8,10.68,1355.35,7554.95,5574.17,677.67,12124.63,17891.6,19702.95,133401.53,6770.64,3761.0,863.37,229.56,5373.66,20381.22,3792.8,817.29,2217.78,2713.59,5643.37,51093.82,9053.78,4355.02,7956.1,1826.88,9.74,40.7,36.69,10.46,16.97,6.16,5.62,3.27,3.0,-0.58,50.03,8.4,51.8
2024,Southern Province,Muhanga,RW27,24.48,medium,cari_survey,True,15.06,1151.0,0,2,232.9,103.04,580.2,137.55,2.17,414.7,93.49,-0.35,19.6,21.7,0.32,18.95,-0.09,19.18,0.21,970.95,16.31,province,561.51,0.11,861.69,58.08,480.35,23.8,718.8,10.68,1713.08,5813.61,3393.67,772.28,8848.58,11457.79,11688.68,69444.46,5941.17,4683.36,2104.69,449.4,7401.4,52191.85,7051.62,1511.57,255.02,168.71,10077.77,151340.51,15017.26,2001.26,610.41,305.01,6.65,41.99,40.63,18.99,16.38,6.72,4.03,4.79,3.0,35.58,93.27,-22.63,28.82
2024,Southern Province,Kamonyi,RW28,13.37,low,cari_survey,True,13.06,976.7,0,0,192.7,96.38,469.7,119.15,1.03,373.0,93.23,-0.32,19.99,22.11,0.47,19.25,0.03,19.63,0.35,970.95,16.31,province,561.51,0.11,861.69,58.08,480.35,23.8,718.8,10.68,1493.45,14340.87,9602.52,748.67,13418.94,17923.78,12939.07,51288.27,3963.83,5245.78,3329.45,634.69,6195.09,32906.72,5311.75,981.55,3274.0,3335.53,7800.23,91708.14,11757.1,3683.34,1462.32,397.01,13.44,46.27,35.21,16.95,21.38,7.07,8.37,4.13,3.0,13.76,99.73,-3.87,102.01
2024,Western Province,Karongi,RW31,24.01,medium,cari_survey,True,41.16,1180.6,1,1,225.7,97.47,582.1,137.64,2.31,398.8,81.37,-1.33,19.12,20.34,0.59,18.74,0.14,18.88,0.52,1072.04,16.67,district,530.3,-4.25,846.64,48.45,482.73,23.49,717.71,-0.41,1912.51,11469.94,5997.33,1049.27,13641.35,13000.83,15669.65,34850.06,2224.05,6190.44,8597.59,1388.85,8798.47,51656.57,5871.08,1118.34,2118.61,1894.42,8001.82,107693.77,13458.65,,0.0,0.0,11.09,43.75,42.71,30.95,41.04,20.18,12.24,6.98,3.0,50.92,19.6,40.43,14.04
2024,Western Province,Rutsiro,RW32,26.76,medium,cari_survey,True,48.93,1194.5,0,1,222.1,98.55,581.2,136.46,2.09,412.6,85.18,-1.11,18.94,19.85,0.46,18.66,0.02,18.7,0.43,1072.04,16.67,province,530.3,-4.25,846.64,48.45,482.73,23.49,717.71,-0.41,1279.89,8549.01,6679.46,771.14,6108.19,7921.02,14600.38,13848.13,948.48,5917.21,41727.12,7051.82,8025.61,38802.06,4834.78,814.82,61.07,74.95,8081.73,66200.95,8191.44,,0.0,0.0,7.14,47.08,63.2,29.34,159.34,18.16,8.42,29.63,3.0,11.66,-3.36,14.67,-4.47
2024,Western Province,Rubavu,RW33,29.01,medium,cari_survey,True,29.73,1222.1,0,1,214.0,102.0,567.7,139.59,2.37,466.2,94.03,-0.38,17.31,18.16,0.23,17.08,-0.19,17.1,0.23,1072.04,16.67,province,530.3,-4.25,846.64,48.45,482.73,23.49,717.71,-0.41,2229.84,9792.26,4391.46,791.73,8935.47,11285.97,11781.64,2683.03,227.73,11442.42,157325.24,13749.3,7032.48,13676.56,1944.77,1187.29,646.25,544.31,10327.76,24574.38,2379.45,,0.0,0.0,12.88,53.15,57.43,40.73,183.88,41.57,13.55,128.55,3.0,34.81,-3.84,-9.31,6.2
2024,Western Province,Nyabihu,RW34,16.97,medium,cari_survey,True,23.46,1434.3,0,1,267.1,110.03,702.0,149.17,3.16,549.4,102.69,0.58,15.8,17.04,0.25,15.46,-0.19,15.6,0.22,1072.04,16.67,province,530.3,-4.25,846.64,48.45,482.73,23.49,717.71,-0.41,1579.67,10671.14,6755.31,1006.08,11004.3,10937.77,8937.69,2000.51,223.83,11636.38,235125.26,20206.05,7244.17,27941.21,3857.06,964.98,378.27,392.0,6478.0,7673.42,1184.53,,0.0,0.0,12.83,49.27,65.27,52.77,204.21,21.38,14.31,159.28,3.0,-26.27,-12.66,-5.57,-4.76
2024,Western Province,Ngororero,RW35,29.52,medium,cari_survey,True,52.53,1250.6,0,2,244.4,103.28,625.8,139.35,2.38,449.8,92.61,-0.5,17.29,18.98,0.31,16.84,-0.11,16.98,0.24,1072.04,16.67,province,530.3,-4.25,846.64,48.45,482.73,23.49,717.71,-0.41,1126.58,8837.45,7844.48,973.11,13039.56,13399.82,15491.12,22239.57,1435.63,5906.28,18899.89,3199.97,6299.65,61978.84,9838.46,1011.37,174.54,172.58,7894.26,81117.19,10275.47,,0.0,0.0,8.97,41.06,49.82,33.32,152.28,100.81,10.1,18.15,3.0,-3.18,34.15,7.69,4.35
2024,Western Province,Rusizi,RW36,17.35,medium,cari_survey,True,19.3,1381.0,0,1,253.2,96.03,631.9,132.86,2.14,507.8,85.03,-1.24,19.43,20.91,0.26,18.92,-0.12,19.44,0.16,1072.04,16.67,province,530.3,-4.25,846.64,48.45,482.73,23.49,717.71,-0.41,1990.85,16129.54,8101.83,908.22,16307.48,17955.44,10146.26,108761.07,10719.32,8552.52,2218.81,259.43,7729.03,23746.4,3072.36,784.83,146.38,186.51,9926.26,43144.43,4346.5,4797.17,14100.91,2939.43,8.44,44.98,57.24,42.82,75.39,27.81,20.95,23.34,3.0,45.77,32.76,26.61,65.72
2024,Western Province,Nyamasheke,RW37,38.12,high,cari_survey,True,32.59,1383.1,0,1,260.0,97.3,653.4,137.85,2.35,498.4,83.3,-1.49,18.94,20.31,0.49,18.56,0.08,18.81,0.37,1072.04,16.67,province,530.3,-4.25,846.64,48.45,482.73,23.49,717.71,-0.41,2271.91,10184.38,4482.73,1023.27,10354.34,10118.92,13122.05,69930.75,5329.26,2631.6,215.6,81.93,7222.06,48991.24,6783.55,1128.82,38.23,33.87,7042.8,41807.89,5936.26,4238.94,3176.99,749.48,7.74,44.88,56.3,44.66,85.34,29.49,12.2,16.8,3.0,65.73,43.74,22.69,-45.66
2024,Northern Province,Rulindo,RW41,18.92,medium,cari_survey,True,26.96,1136.2,0,0,228.4,101.3,577.2,131.09,2.16,438.6,98.92,-0.05,18.69,20.48,0.63,18.01,0.11,18.37,0.5,947.2,15.02,national,516.15,-3.19,865.12,53.36,479.73,20.42,670.62,7.26,2093.9,10756.65,5137.14,883.89,14872.39,16826.08,13196.09,23844.44,1806.93,5425.0,19809.44,3651.51,7376.59,45655.45,6189.24,869.81,4209.31,4839.37,7450.15,53440.66,7173.1,3450.44,121.5,35.21,12.43,41.57,47.92,36.62,80.71,29.1,31.21,13.35,3.0,94.94,41.67,11.55,14.16
2024,Northern Province,Gakenke,RW42,15.87,medium,cari_survey,True,8.21,1227.3,0,1,222.2,106.26,621.4,141.65,2.68,463.0,100.65,0.05,19.09,21.05,0.39,18.43,-0.03,18.7,0.27,947.2,15.02,national,516.15,-3.19,865.12,53.36,479.73,20.42,670.62,7.26,2049.64,17607.77,8590.68,886.14,17043.12,19232.92,16159.92,34988.77,2165.16,5200.74,16954.82,3260.08,9087.65,88102.81,9694.79,746.34,498.53,667.96,9933.14,130023.99,13089.91,3835.63,76.62,19.98,7.93,48.15,47.11,47.05,48.65,28.01,12.8,5.95,3.0,48.73,7.68,16.55,12.48
2024,Northern Province,Musanze,RW43,10.9,low,cari_survey,True,14.22,1501.4,0,1,272.7,109.58,721.6,149.15,3.78,592.1,103.28,0.7,16.44,17.82,0.38,16.02,-0.09,16.2,0.31,947.2,15.02,national,516.15,-3.19,865.12,53.36,479.73,20.42,670.62,7.26,1782.45,14739.57,8269.29,1087.55,17415.21,16013.24,10979.74,396.52,36.11,11075.37,110968.71,10019.42,9217.32,33612.76,3646.7,1677.75,3758.97,2240.48,6652.17,15982.23,2402.56,,0.0,0.0,10.41,48.76,54.9,42.47,124.64,29.38,16.66,73.06,3.0,18.51,-0.33,28.68,7.5
2024,Northern Province,Burera,RW44,21.3,medium,cari_survey,True,41.61,1229.9,0,1,213.4,104.59,599.6,140.75,3.37,484.3,98.37,0.02,17.7,19.35,0.58,17.12,0.09,17.39,0.46,947.2,15.02,national,516.15,-3.19,865.12,53.36,479.73,20.42,670.62,7.26,2074.05,22174.5,10691.39,1024.73,22011.4,21480.25,15399.39,893.56,58.03,10276.63,124741.01,12138.32,7602.55,56499.55,7431.65,1657.55,11990.75,7234.04,7897.64,16366.48,2072.33,,0.0,0.0,12.26,46.69,64.87,40.26,306.81,26.28,13.34,266.47,3.0,40.57,-15.02,17.61,10.81
2024,Northern Province,Gicumbi,RW45,15.6,medium,cari_survey,True,6.41,1120.1,0,0,230.6,101.24,566.8,130.84,2.33,437.5,97.77,-0.02,18.79,20.65,0.64,18.08,0.07,18.48,0.51,947.2,15.02,national,516.15,-3.19,865.12,53.36,479.73,20.42,670.62,7.26,1460.32,12368.6,8469.8,931.28,23283.99,25002.21,11565.12,18156.17,1569.91,8783.84,52432.42,5969.19,10012.08,101547.1,10142.46,1373.94,17446.34,12698.03,6672.54,48051.87,7201.43,,0.0,0.0,8.59,43.96,61.39,26.46,37.65,8.47,6.26,11.8,3.0,5.05,14.04,-12.03,10.53
2024,Eastern Province,Rwamagana,RW51,17.0,medium,cari_survey,True,7.37,904.4,0,0,174.1,93.81,412.8,105.33,0.42,392.0,100.82,0.17,21.42,23.72,0.46,20.59,-0.02,21.08,0.34,868.2,12.83,province,466.8,-7.15,870.3,49.31,478.32,16.86,610.51,8.73,1477.6,22906.01,15502.19,784.29,15386.13,19617.97,17631.66,38605.24,2189.54,6258.35,9274.52,1481.94,8294.38,27209.4,3280.46,1265.9,12890.8,10183.08,13469.2,137776.27,10228.98,4495.37,4495.02,999.92,14.57,49.69,32.48,29.54,48.39,22.08,17.45,7.57,3.0,42.44,77.78,4.92,54.1
2024,Eastern Province,Nyagatare,RW52,5.24,low,cari_survey,True,12.12,988.0,0,0,174.0,107.22,421.6,123.13,1.89,456.5,114.5,1.3,21.26,23.34,0.51,20.4,-0.21,20.8,0.46,868.2,12.83,province,466.8,-7.15,870.3,49.31,478.32,16.86,610.51,8.73,2977.18,150300.56,50484.19,814.01,39779.64,48868.68,22843.01,29604.4,1295.99,5533.68,7394.75,1336.32,5399.64,17228.69,3190.71,1991.28,26383.21,13249.39,10007.15,143634.94,14353.24,4290.13,16468.23,3838.64,19.24,56.78,48.78,38.93,88.76,39.11,38.93,3.76,3.0,18.73,5.44,36.54,-6.49
2024,Eastern Province,Gatsibo,RW53,16.26,medium,cari_survey,True,26.33,1022.0,0,0,178.1,102.18,425.5,110.95,0.96,462.3,112.35,0.95,21.26,23.29,0.53,20.44,-0.07,20.9,0.47,895.21,15.14,district,470.83,-5.83,974.24,71.17,466.1,22.89,567.99,11.85,2172.52,62979.97,28989.31,803.75,27407.85,34099.99,20109.12,23926.46,1189.83,6568.79,23250.98,3539.61,9017.23,33375.36,3701.29,1265.83,14660.96,11582.09,11798.2,212964.56,18050.6,4619.71,15457.71,3346.03,13.39,50.71,52.23,27.92,54.71,20.59,22.39,10.66,3.0,24.88,32.02,48.17,38.92
2024,Eastern Province,Kayonza,RW54,11.57,low,cari_survey,True,12.16,948.5,0,0,165.3,100.06,382.6,100.1,0.25,439.4,114.64,1.05,21.83,23.88,0.5,21.03,-0.07,21.5,0.46,868.2,12.83,province,466.8,-7.15,870.3,49.31,478.32,16.86,610.51,8.73,1735.52,40629.56,23410.56,825.42,25650.76,31075.86,15215.16,94534.36,6213.17,3299.62,14526.1,4402.35,7520.38,19288.95,2564.89,1244.57,19071.29,15323.62,11752.12,122904.79,10458.09,3513.92,12975.47,3692.59,14.18,53.51,45.17,30.07,34.22,12.17,11.82,6.37,3.0,32.74,47.69,5.19,24.4
2024,Eastern Province,Kirehe,RW55,14.76,low,cari_survey,True,9.94,944.5,0,0,176.8,98.34,410.0,104.27,0.49,406.9,106.02,0.57,21.73,24.0,0.45,20.89,-0.11,21.44,0.38,842.79,10.24,district,463.18,-8.57,801.2,35.46,486.43,13.27,635.14,6.1,2808.97,72984.29,25982.59,926.03,30178.73,32589.52,14026.85,52217.63,3722.69,4151.25,11571.75,2787.53,5661.2,18138.39,3203.98,1113.41,16950.79,15224.2,12731.43,190080.54,14930.02,4720.13,8994.01,1905.46,11.46,58.1,39.22,31.17,45.55,20.3,18.74,4.81,3.0,45.34,48.16,-16.01,27.78
2024,Eastern Province,Ngoma,RW56,19.48,medium,cari_survey,True,14.12,944.3,0,0,188.9,93.67,432.5,108.26,0.63,390.0,95.35,-0.11,21.74,24.13,0.39,20.9,-0.08,21.45,0.26,868.2,12.83,province,466.8,-7.15,870.3,49.31,478.32,16.86,610.51,8.73,2672.85,35918.04,13438.08,979.42,27345.22,27919.84,20716.07,72701.88,3509.44,4466.1,10038.62,2247.74,7011.58,21342.96,3043.96,1180.41,8847.4,7495.16,11594.07,187426.09,16165.68,3985.98,7003.01,1756.91,9.38,51.09,45.88,19.63,28.1,11.83,10.2,5.38,3.0,72.22,34.13,43.07,7.52
2024,Eastern Province,Bugesera,RW57,16.87,medium,cari_survey,True,18.26,889.3,0,0,176.7,95.3,397.7,109.5,0.59,356.8,94.72,-0.18,21.69,24.12,0.42,20.86,0.0,21.32,0.24,868.2,12.83,province,466.8,-7.15,870.3,49.31,478.32,16.86,610.51,8.73,1206.02,20659.75,17130.47,679.98,20562.2,30239.59,8363.71,41045.89,4907.62,1943.37,1564.0,804.79,6560.65,49147.31,7491.22,1020.64,13752.2,13474.15,8918.17,109492.46,12277.46,4185.64,13058.56,3119.85,17.28,46.71,30.5,23.34,22.44,9.94,6.35,5.68,3.0,31.38,30.49,-41.54,6.12
2025,Kigali City,Nyarugenge,RW11,,,forecast_no_target,False,5.99,1003.0,2,1,243.5,97.58,350.0,87.9,-0.75,496.0,122.44,1.2,21.24,22.92,1.09,20.89,1.07,20.77,0.87,801.04,-15.43,national,435.93,-15.54,701.74,-18.88,541.72,12.92,701.27,4.57,1162.37,353.64,304.24,1303.94,915.0,701.72,4619.52,2403.93,520.39,8932.79,56.35,6.31,4524.86,1434.2,316.96,1470.71,325.32,221.2,5961.99,7468.56,1252.7,,0.0,0.0,7.01,46.18,47.34,6.53,6.15,1.46,3.99,0.59,2.0,-14.18,44.27,-70.4,70.0
2025,Kigali City,Gasabo,RW12,,,forecast_no_target,False,4.48,995.7,2,1,253.9,98.08,334.9,83.89,-0.9,513.3,125.75,1.48,21.06,22.62,1.09,20.69,1.01,20.57,0.82,801.04,-15.43,national,435.93,-15.54,701.74,-18.88,541.72,12.92,701.27,4.57,1579.83,7973.42,5047.01,1496.99,8709.4,5817.93,7942.64,16876.05,2124.74,6085.05,4217.95,693.17,6986.5,13616.11,1948.92,1616.65,3805.69,2354.06,4818.73,39633.16,8224.81,3962.08,2519.19,635.82,11.39,42.92,52.97,25.65,43.86,13.8,17.71,12.23,3.0,-18.53,1.51,-54.63,45.4
2025,Kigali City,Kicukiro,RW13,,,forecast_no_target,False,1.75,962.8,2,1,242.0,98.04,320.5,83.94,-0.9,496.2,126.23,1.37,21.88,23.56,1.1,21.48,1.04,21.39,0.85,801.04,-15.43,national,435.93,-15.54,701.74,-18.88,541.72,12.92,701.27,4.57,1286.83,2070.07,1608.67,932.24,1929.31,2069.53,3186.47,1642.56,515.48,,0.0,0.0,8242.97,3621.86,439.39,2200.46,885.5,402.41,5311.42,11049.79,2080.38,4915.15,842.0,171.31,8.76,46.33,50.53,21.74,28.83,14.45,9.61,4.75,3.0,-14.08,4.89,-71.54,
2025,Southern Province,Nyanza,RW21,,,forecast_no_target,False,20.31,1155.3,0,1,292.4,107.53,387.9,93.81,-0.5,578.7,136.58,2.18,20.6,22.12,0.9,20.28,0.88,20.37,0.76,783.78,-19.28,province,467.2,-16.79,629.37,-26.96,540.94,12.61,722.27,0.48,1341.69,13359.59,9957.26,812.1,14681.67,18078.61,11290.94,75613.86,6696.86,4982.27,2718.47,545.63,6892.57,26744.57,3880.21,1137.32,6121.92,5382.78,4995.58,41802.65,8367.93,3393.75,4423.41,1303.4,13.4,42.34,55.85,15.28,18.0,5.7,7.19,4.97,3.0,-9.02,18.24,-39.13,-1.52
2025,Southern Province,Gisagara,RW22,,,forecast_no_target,False,25.37,1309.7,0,1,348.8,112.58,430.4,98.97,-0.14,669.5,143.09,2.86,21.35,23.26,1.16,20.8,1.06,21.16,0.99,755.24,-18.41,district,455.68,-18.65,526.15,-35.27,544.2,16.18,750.69,2.45,1573.26,14702.25,9345.09,994.1,17195.59,17297.64,10307.1,63507.75,6161.55,3068.01,982.67,320.3,7259.27,35922.66,4948.52,1365.12,4446.62,3257.31,6781.75,52251.74,7704.76,3287.5,20515.33,6240.4,13.38,45.37,60.22,25.22,40.08,11.66,12.89,11.78,3.0,-16.57,23.12,-42.74,5.65
2025,Southern Province,Nyaruguru,RW23,,,forecast_no_target,False,21.21,1499.0,0,1,341.9,106.79,518.0,102.61,0.05,712.2,126.86,1.93,18.37,19.85,0.7,18.29,0.8,18.2,0.56,783.78,-19.28,province,467.2,-16.79,629.37,-26.96,540.94,12.61,722.27,0.48,2384.04,8027.69,3367.27,1021.94,10959.27,10724.02,9350.66,33783.79,3612.99,6735.15,31435.5,4667.38,9458.4,77623.8,8206.87,901.72,2445.69,2712.26,6332.08,25947.67,4097.81,2972.08,233.13,78.44,6.16,46.74,46.36,39.17,123.9,47.29,23.07,35.5,3.0,17.72,20.18,-32.4,9.75
2025,Southern Province,Huye,RW24,,,forecast_no_target,False,21.42,1308.6,0,2,308.1,111.32,464.1,102.16,0.06,625.1,139.56,2.62,19.76,21.45,1.07,19.42,1.02,19.62,0.94,783.78,-19.28,province,467.2,-16.79,629.37,-26.96,540.94,12.61,722.27,0.48,1464.34,9116.76,6225.86,1029.25,14919.75,14495.79,15502.62,43165.64,2784.41,4883.94,2384.88,488.31,7811.36,36549.44,4679.01,1636.13,5866.67,3585.7,6192.39,35182.71,5681.61,3704.94,7698.36,2077.86,11.58,43.33,51.73,20.81,125.92,47.83,65.8,11.28,3.0,1.69,31.82,-20.17,12.51
2025,Southern Province,Nyamagabe,RW25,,,forecast_no_target,False,34.51,1399.1,0,1,324.5,103.63,465.0,95.37,-0.44,674.9,126.1,1.97,17.93,19.19,0.85,17.96,0.96,17.76,0.67,815.01,-19.87,district,480.98,-14.98,715.8,-21.04,538.77,10.05,700.63,-0.49,1887.61,8545.22,4527.0,706.69,9576.34,13550.98,17110.86,24216.06,1415.24,11524.05,42427.78,3681.67,8149.71,70867.74,8695.74,833.66,3844.32,4611.36,5170.74,40118.82,7758.82,2695.94,161.43,59.88,8.89,43.37,45.97,36.47,133.32,31.61,17.45,21.77,3.0,12.7,-0.75,32.07,13.01
2025,Southern Province,Ruhango,RW26,,,forecast_no_target,False,28.3,1068.4,1,1,256.0,102.84,365.2,91.67,-0.62,524.3,128.38,1.74,20.31,21.81,0.82,20.1,0.86,20.01,0.71,783.78,-19.28,province,467.2,-16.79,629.37,-26.96,540.94,12.61,722.27,0.48,1294.68,5694.71,4398.54,857.1,11246.58,13121.69,22476.16,143705.08,6393.67,2305.21,472.01,204.76,5976.55,26676.88,4463.59,998.89,2690.86,2693.85,4188.59,54354.48,12976.79,4298.07,8245.58,1918.44,9.67,50.3,51.17,11.56,14.78,3.66,5.82,3.26,3.0,-4.48,26.48,14.08,-38.71
2025,Southern Province,Muhanga,RW27,,,forecast_no_target,False,24.48,1175.5,1,1,315.5,105.24,380.8,90.28,-0.65,610.0,137.51,2.45,20.09,21.6,0.81,19.89,0.85,19.65,0.68,783.78,-19.28,province,467.2,-16.79,629.37,-26.96,540.94,12.61,722.27,0.48,1679.86,5668.94,3374.66,929.05,7774.02,8367.75,14675.09,66047.62,4500.66,3314.93,2780.77,838.86,9266.69,53479.21,5771.13,661.09,41.17,62.27,8949.02,144664.19,16165.36,3150.25,1080.37,342.95,6.7,48.91,41.61,15.96,18.04,8.81,4.68,4.22,3.0,-1.94,20.3,25.55,-29.22
2025,Southern Province,Kamonyi,RW28,,,forecast_no_target,False,13.37,1008.4,2,1,258.2,99.51,347.3,88.1,-0.72,508.0,126.97,1.53,20.54,22.18,1.01,20.22,1.0,20.11,0.83,783.78,-19.28,province,467.2,-16.79,629.37,-26.96,540.94,12.61,722.27,0.48,1260.15,10730.2,8515.03,773.43,11191.6,14470.16,8842.24,62589.22,7078.44,8589.67,3754.3,437.07,6956.49,32733.45,4705.45,1394.63,3696.73,2650.69,6724.73,98299.92,14617.68,4229.53,2001.05,473.11,12.76,46.38,63.11,14.21,21.24,5.97,8.23,5.73,3.0,-15.62,3.31,-31.66,63.74
2025,Western Province,Karongi,RW31,,,forecast_no_target,False,24.01,1205.4,1,1,282.7,99.51,367.0,86.78,-0.98,600.4,122.51,1.63,19.45,20.14,0.92,19.76,1.16,19.08,0.71,910.03,-15.11,district,488.51,-7.88,703.05,-16.96,552.19,14.39,725.86,1.14,2049.57,11859.76,5786.45,1052.05,12626.26,12001.58,13518.47,40699.59,3010.66,10033.7,6145.96,612.53,7855.74,53274.99,6781.67,1383.75,2375.99,1717.07,6002.21,101823.58,16964.35,,0.0,0.0,9.52,51.34,46.92,30.55,49.26,28.19,14.03,2.8,3.0,7.17,0.27,-13.73,62.08
2025,Western Province,Rutsiro,RW32,,,forecast_no_target,False,26.76,1218.0,1,1,305.2,100.49,372.9,87.56,-0.87,615.0,126.96,2.21,19.24,19.98,0.77,19.64,1.0,18.78,0.51,910.03,-15.11,province,488.51,-7.88,703.05,-16.96,552.19,14.39,725.86,1.14,1566.11,9934.07,6343.15,934.7,6855.6,7334.58,6627.54,14959.96,2257.24,6495.9,41742.39,6425.96,8333.13,36553.49,4386.52,609.33,124.78,204.78,5562.38,61541.17,11063.82,,0.0,0.0,7.5,52.88,46.29,31.07,115.24,17.18,14.11,33.46,3.0,22.36,21.21,-54.61,9.78
2025,Western Province,Rubavu,RW33,,,forecast_no_target,False,29.01,1212.8,0,1,297.7,101.23,350.6,86.21,-0.88,640.4,129.16,3.29,17.61,18.36,0.53,18.04,0.77,17.13,0.26,910.03,-15.11,province,488.51,-7.88,703.05,-16.96,552.19,14.39,725.86,1.14,2512.32,10065.87,4006.6,771.92,8839.5,11451.31,18724.28,2908.99,155.36,15131.64,132489.29,8755.78,7935.63,19209.12,2420.62,1701.48,143.95,84.6,8761.23,23696.68,2704.72,,0.0,0.0,14.1,61.59,55.82,41.64,183.11,33.76,25.32,115.21,3.0,12.67,-2.5,58.93,32.24
2025,Western Province,Nyabihu,RW34,,,forecast_no_target,False,16.97,1407.2,0,1,372.2,107.95,425.9,90.5,-0.65,758.9,141.85,4.48,16.14,16.75,0.59,16.44,0.79,15.72,0.35,910.03,-15.11,province,488.51,-7.88,703.05,-16.96,552.19,14.39,725.86,1.14,1354.03,8777.44,6482.43,1025.11,11666.09,11380.33,9501.78,1430.9,150.59,12962.38,210215.72,16217.36,5991.15,32904.53,5492.18,907.44,433.69,477.93,3753.63,7876.93,2098.49,,0.0,0.0,12.6,55.08,48.14,47.46,216.89,21.1,24.09,160.81,3.0,-14.28,1.89,6.31,11.4
2025,Western Province,Ngororero,RW35,,,forecast_no_target,False,29.52,1279.9,1,1,349.0,105.7,407.3,90.69,-0.69,666.7,137.27,2.87,17.69,18.6,0.7,17.83,0.88,17.28,0.54,910.03,-15.11,province,488.51,-7.88,703.05,-16.96,552.19,14.39,725.86,1.14,1495.12,8822.5,5900.86,1015.12,14504.1,14288.05,7401.76,12748.71,1722.39,7269.48,18704.82,2573.06,6880.85,62677.26,9108.95,1442.33,442.46,306.77,5227.8,78666.45,15047.73,,0.0,0.0,6.97,46.86,45.22,36.18,91.33,27.68,22.22,16.58,3.0,32.71,4.32,-52.22,23.08
2025,Western Province,Rusizi,RW36,,,forecast_no_target,False,17.35,1402.5,0,1,300.0,97.52,429.9,90.39,-0.86,656.7,109.96,0.59,19.8,20.92,0.63,19.76,0.72,19.56,0.27,910.03,-15.11,province,488.51,-7.88,703.05,-16.96,552.19,14.39,725.86,1.14,2229.93,15511.42,6956.0,1212.95,17674.76,14571.67,11106.23,125102.54,11264.17,5225.6,2161.77,413.69,9533.09,21963.58,2303.93,1898.24,396.92,209.1,6951.16,46122.55,6635.23,4479.84,14064.26,3139.45,10.51,54.69,44.51,43.24,82.96,30.27,23.14,28.06,3.0,12.01,33.55,9.46,-38.9
2025,Western Province,Nyamasheke,RW37,,,forecast_no_target,False,38.12,1416.7,0,1,315.3,99.66,423.7,89.39,-0.91,689.4,115.23,1.12,19.24,20.08,0.79,19.43,0.95,18.92,0.48,910.03,-15.11,province,488.51,-7.88,703.05,-16.96,552.19,14.39,725.86,1.14,1970.79,9763.51,4954.1,1089.65,10843.88,9951.73,10911.2,88383.2,8100.23,3081.29,948.42,307.8,7083.38,46861.73,6615.73,964.56,34.39,35.65,4790.25,45077.02,9410.17,4173.2,3028.98,725.82,6.84,50.33,51.72,43.35,79.96,27.95,20.15,21.28,3.0,-13.25,6.49,-16.85,17.09
2025,Northern Province,Rulindo,RW41,,,forecast_no_target,False,18.92,1115.4,0,1,279.0,99.45,384.6,87.35,-0.84,573.9,129.43,1.85,19.16,20.5,1.09,18.96,1.06,18.69,0.82,801.04,-15.43,national,435.93,-15.54,701.74,-18.88,541.72,12.92,701.27,4.57,2399.99,10429.8,4345.76,1197.77,13812.26,11531.65,13748.32,25222.46,1834.59,4735.34,13790.4,2912.23,8802.67,42996.4,4884.47,1717.15,4383.22,2552.61,5532.18,56018.66,10125.96,3443.29,123.85,35.97,12.21,47.75,53.38,37.17,51.3,16.3,20.36,13.4,3.0,14.62,35.51,4.18,-12.71
2025,Northern Province,Gakenke,RW42,,,forecast_no_target,False,15.87,1238.8,0,1,330.4,107.26,398.7,90.88,-0.63,652.3,141.8,3.01,19.57,21.03,0.87,19.34,0.87,19.07,0.64,801.04,-15.43,national,435.93,-15.54,701.74,-18.88,541.72,12.92,701.27,4.57,2087.63,14876.42,7125.99,1135.5,17200.92,15148.27,14090.13,32592.08,2313.11,6398.21,12526.75,1957.85,9006.48,89589.33,9947.2,1919.42,511.58,266.53,8361.37,132094.77,15798.23,3173.91,127.81,40.27,8.37,50.63,51.39,40.24,138.88,32.49,95.45,8.9,3.0,1.85,28.14,-12.81,23.03
2025,Northern Province,Musanze,RW43,,,forecast_no_target,False,10.9,1480.7,0,1,380.9,108.07,436.7,90.26,-0.69,801.9,139.87,4.21,16.77,17.35,0.71,16.98,0.87,16.35,0.46,801.04,-15.43,national,435.93,-15.54,701.74,-18.88,541.72,12.92,701.27,4.57,1622.48,13793.54,8501.53,1127.99,18446.57,16353.47,2379.73,489.81,205.83,10423.32,101758.52,9762.58,9286.53,37618.17,4050.83,1143.05,4578.35,4005.39,4621.76,16602.04,3592.15,,0.0,0.0,10.58,57.93,55.41,41.21,171.86,27.03,18.94,116.63,3.0,-8.97,3.72,-78.33,-5.89
2025,Northern Province,Burera,RW44,,,forecast_no_target,False,21.3,1222.2,0,1,314.8,103.94,357.6,83.94,-1.23,679.3,137.98,3.37,18.09,19.08,0.97,18.04,1.01,17.63,0.7,801.04,-15.43,national,435.93,-15.54,701.74,-18.88,541.72,12.92,701.27,4.57,2123.72,23567.97,11097.47,1320.16,22820.05,17285.82,11884.78,858.75,72.26,10534.13,99972.48,9490.34,7127.45,68675.47,9635.34,1893.82,11923.16,6295.84,5469.89,16554.04,3026.39,,0.0,0.0,11.81,45.79,55.62,39.47,80.71,31.52,12.57,32.19,3.0,2.39,28.83,-22.82,2.51
2025,Northern Province,Gicumbi,RW45,,,forecast_no_target,False,15.6,1071.2,1,1,264.2,96.82,356.1,82.2,-1.14,571.3,127.66,1.92,19.24,20.41,1.09,19.03,1.03,18.75,0.78,801.04,-15.43,national,435.93,-15.54,701.74,-18.88,541.72,12.92,701.27,4.57,1426.78,11895.59,8337.34,1183.27,25160.89,21263.78,9329.91,17081.01,1830.78,10052.94,47876.62,4762.45,9217.2,90441.15,9812.22,2078.28,18359.7,8834.08,4544.47,55667.61,12249.52,,0.0,0.0,9.43,48.1,66.13,28.04,30.3,11.96,7.58,9.61,3.0,-2.3,27.06,-19.33,14.45
2025,Eastern Province,Rwamagana,RW51,,,forecast_no_target,False,17.0,925.9,2,1,234.7,96.04,328.4,83.8,-0.96,473.0,121.66,1.32,22.03,23.56,1.07,21.55,0.94,21.53,0.79,769.55,-11.36,province,384.21,-17.69,770.72,-11.44,535.17,11.89,668.86,9.56,2673.93,37410.43,13990.8,1156.57,16629.56,14378.28,13128.89,40670.94,3097.82,6739.45,10614.13,1574.92,6432.2,22956.85,3569.05,1543.05,10023.64,6496.0,9151.34,141525.5,15465.01,4139.01,4208.48,1016.79,15.16,53.8,62.64,34.28,46.22,19.16,15.75,9.54,3.0,80.96,47.47,-25.54,7.69
2025,Eastern Province,Nyagatare,RW52,,,forecast_no_target,False,5.24,889.2,1,1,222.6,96.49,277.5,81.05,-1.1,499.6,125.31,2.1,21.92,23.09,1.16,21.63,1.01,21.16,0.83,769.55,-11.36,province,384.21,-17.69,770.72,-11.44,535.17,11.89,668.86,9.56,2776.78,148633.03,53527.09,938.98,33818.41,36016.2,16249.23,23834.86,1466.83,3815.08,7273.82,1906.59,4219.03,16317.04,3867.49,1967.1,33668.21,17115.67,7099.38,151703.04,21368.5,4397.35,18753.49,4264.72,17.49,56.04,63.25,33.79,229.74,109.67,111.46,5.74,3.0,-6.73,15.35,-28.87,-31.06
2025,Eastern Province,Gatsibo,RW53,,,forecast_no_target,False,16.26,931.8,1,1,231.2,93.16,314.7,82.06,-1.04,496.2,120.58,1.46,21.84,23.1,1.11,21.49,0.97,21.22,0.79,765.96,-14.44,district,383.77,-18.49,861.14,-11.61,515.58,10.62,619.98,9.15,2234.73,57400.9,25685.8,931.16,26245.02,28185.26,9709.44,21134.13,2176.66,5456.91,22552.77,4132.88,7920.79,35797.53,4519.44,1232.59,15447.54,12532.6,8648.63,222000.74,25668.9,3969.84,13777.83,3470.63,9.94,50.22,56.21,30.28,47.17,20.33,17.99,6.99,3.0,2.86,15.85,-51.72,-16.93
2025,Eastern Province,Kayonza,RW54,,,forecast_no_target,False,11.57,882.2,1,1,218.9,93.07,306.2,80.12,-1.06,463.4,120.9,1.43,22.44,23.71,1.1,22.03,0.93,21.84,0.8,769.55,-11.36,province,384.21,-17.69,770.72,-11.44,535.17,11.89,668.86,9.56,2123.8,35743.51,16829.94,1225.93,23062.22,18811.99,10814.4,67105.71,6205.22,3785.83,15457.5,4082.99,6599.69,20401.6,3091.3,1358.34,23030.78,16955.08,8266.15,134329.37,16250.53,3099.13,11812.61,3811.58,13.98,56.18,71.56,28.35,36.72,13.03,12.77,9.79,3.0,22.37,48.52,-28.92,14.74
2025,Eastern Province,Kirehe,RW55,,,forecast_no_target,False,14.76,964.3,2,1,226.4,100.41,358.8,91.25,-0.43,475.4,123.87,1.66,22.37,23.82,1.09,21.95,0.96,21.89,0.82,771.76,-8.43,district,383.8,-17.14,702.89,-12.27,553.2,13.73,707.04,11.32,2867.17,68735.22,23973.24,869.55,27966.19,32161.53,10764.52,57537.77,5345.13,2637.01,13306.48,5046.04,6501.72,13359.93,2054.83,1566.31,15209.34,9710.33,7622.85,201572.91,26443.24,4123.37,7974.93,1934.08,11.41,54.86,55.4,29.04,38.36,16.73,14.48,6.82,3.0,2.07,-6.1,-23.26,-36.48
2025,Eastern Province,Ngoma,RW56,,,forecast_no_target,False,19.48,982.0,2,1,260.0,97.41,335.3,83.93,-1.01,508.4,124.3,1.65,22.39,23.94,1.03,21.86,0.88,21.95,0.77,769.55,-11.36,province,384.21,-17.69,770.72,-11.44,535.17,11.89,668.86,9.56,2892.56,37196.14,12859.24,1294.29,25442.61,19657.59,8085.57,52327.07,6471.66,3185.41,10534.26,3307.03,6978.93,17427.94,2497.22,1822.99,10183.5,5586.15,8671.98,190311.69,21945.58,4143.6,7592.82,1832.42,11.15,51.99,59.6,18.83,25.76,10.6,10.08,4.64,3.0,8.22,32.15,-60.97,-28.68
2025,Eastern Province,Bugesera,RW57,,,forecast_no_target,False,16.87,931.2,2,1,237.9,99.79,315.2,86.78,-0.85,474.1,125.86,1.57,22.32,24.06,1.05,21.83,0.97,21.89,0.81,769.55,-11.36,province,384.21,-17.69,770.72,-11.44,535.17,11.89,668.86,9.56,1086.21,21174.45,19493.93,879.5,20894.73,23757.48,3554.51,43271.59,12173.7,1466.74,1844.26,1257.39,8904.37,27437.01,3081.3,1104.31,9077.88,8220.45,7557.55,113245.5,14984.43,3888.11,12958.07,3332.74,15.74,48.91,59.53,23.29,23.56,10.96,7.76,4.5,3.0,-9.93,29.34,-57.5,-24.53
2026,Kigali City,Nyarugenge,RW11,,,forecast_no_target,False,5.99,1096.5,1,0,221.0,106.67,403.5,101.33,-0.02,389.5,96.15,-0.17,20.36,21.73,0.21,20.13,0.3,20.38,0.48,864.04,7.86,national,578.11,32.62,621.38,-11.45,499.73,-7.75,812.72,15.89,943.19,327.56,347.29,1237.5,890.04,719.22,7326.92,2481.57,338.69,10970.73,27.15,2.47,7910.44,1162.86,147.0,1200.31,251.9,209.86,6280.04,8324.96,1325.62,,0.0,0.0,11.56,62.14,35.01,13.56,10.36,2.54,6.09,1.73,2.0,-18.86,-5.1,58.61,22.81
2026,Kigali City,Gasabo,RW12,,,forecast_no_target,False,4.48,1096.7,2,1,233.9,108.03,422.5,105.84,0.44,396.8,97.21,-0.05,20.18,21.44,0.21,19.99,0.31,20.22,0.47,864.04,7.86,national,578.11,32.62,621.38,-11.45,499.73,-7.75,812.72,15.89,969.89,1402.86,1446.42,950.02,3734.83,3931.32,13833.44,7410.73,535.71,2719.64,1481.14,544.61,6575.44,9574.39,1456.08,1435.69,3225.93,2246.96,3675.04,16650.02,4530.56,3658.39,1074.11,293.6,8.63,91.43,49.58,29.61,53.82,11.51,21.07,20.55,2.0,-38.61,-36.54,74.17,-55.31
2026,Kigali City,Kicukiro,RW13,,,forecast_no_target,False,1.75,1054.1,2,1,228.1,107.34,402.5,105.42,0.3,381.3,97.0,-0.09,21.01,22.44,0.22,20.73,0.3,21.05,0.51,864.04,7.86,national,578.11,32.62,621.38,-11.45,499.73,-7.75,812.72,15.89,516.6,252.39,488.56,853.55,968.14,1134.25,4531.31,1975.62,435.99,,0.0,0.0,8504.79,1105.03,129.93,1772.78,735.31,414.78,3279.75,3782.07,1153.16,4760.52,410.0,86.13,3.07,47.99,58.14,22.19,30.16,9.9,10.92,9.31,2.0,-59.85,-8.44,42.2,
2026,Southern Province,Nyanza,RW21,,,forecast_no_target,False,20.31,1186.5,1,0,233.2,110.43,424.6,102.68,0.05,421.4,99.46,0.06,19.85,21.43,0.15,19.55,0.16,20.03,0.42,828.23,5.67,province,592.13,26.74,531.21,-15.6,501.58,-7.28,853.11,18.11,895.22,3011.83,3364.33,634.83,7607.16,11983.07,5373.07,32254.16,6002.93,1954.59,1154.81,590.82,8243.35,16357.17,1984.29,1327.53,4225.19,3182.75,2766.28,17384.11,6284.3,3606.15,2579.82,715.39,6.34,81.72,50.79,10.44,13.64,3.48,4.84,5.09,2.0,-33.28,-21.83,-52.41,-60.77
2026,Southern Province,Gisagara,RW22,,,forecast_no_target,False,25.37,1286.0,1,1,264.2,110.55,461.5,106.12,0.26,460.0,98.31,0.04,20.61,22.55,0.43,20.11,0.37,20.9,0.73,799.28,5.83,district,587.46,28.92,468.41,-10.97,508.54,-6.55,865.7,15.32,728.34,1890.39,2595.49,721.38,8495.31,11776.4,12078.73,73099.74,6051.94,1076.06,557.83,518.4,7814.27,22369.31,2862.62,1966.19,3479.8,1769.82,4011.82,21899.0,5458.61,3429.73,11251.99,3280.73,7.39,58.85,52.36,14.7,27.93,7.37,7.95,9.21,2.0,-53.71,-27.43,17.19,-64.93
2026,Southern Province,Nyaruguru,RW23,,,forecast_no_target,False,21.21,1579.4,0,0,271.4,112.52,508.0,100.63,-0.07,557.8,99.36,0.03,17.63,18.83,-0.04,17.51,0.02,17.89,0.24,828.23,5.67,province,592.13,26.74,531.21,-15.6,501.58,-7.28,853.11,18.11,1078.01,377.96,350.61,804.5,6138.39,7630.07,8582.67,25829.44,3009.49,6232.34,14386.24,2308.32,10541.29,44728.98,4243.22,1431.58,2216.59,1548.35,4026.08,9372.08,2327.84,2479.48,115.55,46.6,2.47,59.07,48.97,43.61,253.12,46.75,14.5,40.32,2.0,-54.78,-21.28,-8.21,-7.47
2026,Southern Province,Huye,RW24,,,forecast_no_target,False,21.42,1313.1,0,0,249.4,111.71,468.7,103.17,0.12,435.4,97.21,-0.05,19.03,20.67,0.33,18.73,0.32,19.3,0.62,828.23,5.67,province,592.13,26.74,531.21,-15.6,501.58,-7.28,853.11,18.11,1030.23,1119.01,1086.18,584.04,5847.5,10012.15,6601.78,24878.24,3768.41,1355.54,589.95,435.22,8611.03,19053.02,2212.63,1384.24,3600.27,2600.9,3744.99,14454.74,3859.75,4178.02,4593.79,1099.51,4.04,58.78,57.58,17.18,30.3,5.03,11.13,13.82,2.0,-29.65,-43.26,-57.42,-72.24
2026,Southern Province,Nyamagabe,RW25,,,forecast_no_target,False,34.51,1506.8,0,0,241.5,111.61,479.3,98.3,-0.25,515.6,96.34,-0.24,17.2,18.28,0.11,17.18,0.18,17.43,0.35,861.92,5.75,district,598.03,24.34,589.1,-17.7,492.39,-8.61,839.82,19.87,1499.97,1426.85,951.25,673.12,4517.54,6711.3,8780.13,21386.94,2435.83,7944.75,15748.08,1982.2,8062.71,52408.98,6500.17,1354.17,3849.99,2843.06,2560.73,12584.36,4914.36,1423.99,42.6,29.92,7.41,75.22,49.99,37.85,307.66,24.05,15.86,34.26,2.0,-20.54,-4.75,-48.69,-31.06
2026,Southern Province,Ruhango,RW26,,,forecast_no_target,False,28.3,1132.9,0,0,225.8,109.05,404.4,101.51,-0.02,395.4,96.82,-0.07,19.55,20.97,0.06,19.34,0.1,19.61,0.31,828.23,5.67,province,592.13,26.74,531.21,-15.6,501.58,-7.28,853.11,18.11,1206.81,892.28,739.36,649.24,6310.81,9720.38,19913.88,47862.36,2403.47,798.98,257.18,321.89,6710.5,20441.06,3046.13,1236.0,1935.81,1566.19,2877.34,21369.77,7426.93,4362.48,3947.54,904.89,3.28,59.15,61.66,7.69,14.71,3.55,5.3,3.3,2.0,-6.79,-24.25,-11.4,-65.34
2026,Southern Province,Muhanga,RW27,,,forecast_no_target,False,24.48,1229.5,1,0,228.3,110.07,438.3,103.91,0.16,436.3,98.35,-0.04,19.32,20.56,0.04,19.18,0.13,19.24,0.27,828.23,5.67,province,592.13,26.74,531.21,-15.6,501.58,-7.28,853.11,18.11,1034.0,800.82,774.48,848.04,4131.41,4871.72,14793.43,33073.55,2235.69,2624.61,1497.1,570.41,10005.77,36908.12,3688.68,1032.9,101.72,98.48,7241.21,70197.53,9694.17,2537.18,326.0,128.49,5.5,65.05,46.89,15.72,19.26,6.47,5.65,6.58,2.0,-38.45,-8.72,0.81,-20.82
2026,Southern Province,Kamonyi,RW28,,,forecast_no_target,False,13.37,1078.1,2,0,221.3,106.38,396.7,100.63,-0.02,383.0,95.73,-0.18,19.72,21.13,0.2,19.51,0.29,19.74,0.46,828.23,5.67,province,592.13,26.74,531.21,-15.6,501.58,-7.28,853.11,18.11,713.56,1873.41,2625.43,537.6,6335.0,11783.76,6379.76,36151.75,5666.63,5191.17,2000.74,385.41,8013.68,21672.26,2704.41,1582.52,3077.05,1944.39,6323.52,54887.04,8679.83,3152.44,863.87,274.03,5.71,61.06,51.33,13.06,20.83,2.41,8.69,9.05,2.0,-43.37,-30.49,-27.85,-39.56
2026,Western Province,Karongi,RW31,,,forecast_no_target,False,24.01,1290.4,0,0,191.3,106.53,387.7,91.68,-0.67,445.2,90.84,-0.65,18.8,19.4,0.27,18.94,0.34,18.81,0.45,1081.7,18.86,district,625.46,28.03,605.54,-13.87,517.0,-6.37,893.36,23.08,1043.04,705.36,676.25,913.69,7466.79,8172.15,11433.9,33732.89,2950.25,4430.68,1595.08,360.01,8047.2,31264.49,3885.14,1861.64,2138.87,1148.92,4455.06,48170.19,10812.46,,0.0,0.0,3.26,68.35,51.06,27.63,44.67,19.92,8.33,7.8,2.0,-49.11,-13.15,-15.42,-55.84
2026,Western Province,Rutsiro,RW32,,,forecast_no_target,False,26.76,1312.9,0,0,189.7,108.32,404.6,95.0,-0.42,438.2,90.46,-0.69,18.66,19.24,0.18,18.88,0.24,18.59,0.33,1081.7,18.86,province,625.46,28.03,605.54,-13.87,517.0,-6.37,893.36,23.08,1095.22,1608.26,1468.43,956.72,4247.82,4439.99,10433.53,15347.56,1470.98,4685.89,18822.43,4016.83,7899.71,16883.01,2137.17,732.98,126.44,172.5,4413.32,29187.15,6613.42,,0.0,0.0,5.86,75.71,40.1,34.42,408.4,19.44,13.56,44.36,2.0,-30.07,2.36,57.43,-27.86
2026,Western Province,Rubavu,RW33,,,forecast_no_target,False,29.01,1338.3,0,0,189.5,111.7,421.2,103.57,0.18,468.5,94.49,-0.33,17.03,17.68,-0.05,17.32,0.05,16.97,0.1,1081.7,18.86,province,625.46,28.03,605.54,-13.87,517.0,-6.37,893.36,23.08,2179.4,3839.56,1761.75,625.14,3647.74,5835.05,14853.52,3621.38,243.81,9352.75,59188.82,6328.49,7090.61,14727.18,2077.0,816.71,113.06,138.44,8205.39,11911.72,1451.69,,0.0,0.0,9.74,76.85,50.65,48.21,186.22,32.86,24.13,129.23,2.0,-13.25,-19.01,-20.67,-38.19
2026,Western Province,Nyabihu,RW34,,,forecast_no_target,False,16.97,1474.1,1,0,246.2,113.08,526.9,111.96,0.75,524.1,97.96,0.11,15.51,16.21,-0.05,15.73,0.08,15.52,0.14,1081.7,18.86,province,625.46,28.03,605.54,-13.87,517.0,-6.37,893.36,23.08,1298.28,5493.74,4231.56,962.59,3184.24,3308.0,3789.85,960.25,253.37,8971.01,111602.82,12440.39,5452.44,15133.7,2775.58,,0.0,0.0,2404.63,3375.21,1403.63,,0.0,0.0,18.66,84.69,44.11,61.1,272.15,16.03,32.96,199.95,2.0,-4.12,-6.1,-60.11,-30.79
2026,Western Province,Ngororero,RW35,,,forecast_no_target,False,29.52,1317.2,1,0,222.0,108.78,464.3,103.38,0.11,452.7,93.21,-0.45,16.97,17.81,-0.01,17.06,0.11,16.92,0.18,1081.7,18.86,province,625.46,28.03,605.54,-13.87,517.0,-6.37,893.36,23.08,1395.26,4709.07,3375.05,811.63,5394.13,6646.09,4543.31,7525.11,1656.31,3910.0,7352.7,1880.48,7974.83,37571.04,4711.2,,0.0,0.0,5495.35,46581.8,8476.59,,0.0,0.0,7.16,37.25,57.16,36.84,153.38,35.7,15.35,22.22,2.0,-6.68,-20.05,-38.62,-46.21
2026,Western Province,Rusizi,RW36,,,forecast_no_target,False,17.35,1594.0,0,0,238.8,110.84,462.9,97.33,-0.37,602.8,100.94,-0.07,19.16,20.26,-0.02,19.02,-0.02,19.58,0.29,1081.7,18.86,province,625.46,28.03,605.54,-13.87,517.0,-6.37,893.36,23.08,883.21,786.09,890.04,913.2,8506.24,9314.75,11813.86,122165.04,10340.82,2737.9,450.49,164.54,9876.05,17722.06,1794.45,442.66,54.38,122.85,5162.88,21002.47,4067.97,4517.83,7060.12,1562.73,4.91,57.91,54.58,36.77,79.74,22.19,12.59,31.1,2.0,-60.39,-24.71,6.37,-47.61
2026,Western Province,Nyamasheke,RW37,,,forecast_no_target,False,38.12,1579.9,0,0,228.2,111.14,464.0,97.89,-0.34,586.5,98.03,-0.29,18.6,19.36,0.15,18.7,0.22,18.86,0.41,1081.7,18.86,province,625.46,28.03,605.54,-13.87,517.0,-6.37,893.36,23.08,1217.01,437.4,359.4,681.28,5587.92,8202.11,8059.99,49690.27,6165.05,262.63,34.66,131.99,8585.03,31658.37,3687.63,,0.0,0.0,3117.76,17671.06,5667.88,4350.02,1693.14,389.23,3.05,64.34,44.94,40.71,94.0,26.14,16.99,23.0,2.0,-38.25,-37.48,-26.13,-91.48
2026,Northern Province,Rulindo,RW41,,,forecast_no_target,False,18.92,1214.4,2,0,244.6,108.27,450.8,102.38,0.19,440.3,99.3,-0.02,18.32,19.38,0.26,18.27,0.37,18.34,0.47,864.04,7.86,national,578.11,32.62,621.38,-11.45,499.73,-7.75,812.72,15.89,1046.88,1166.83,1114.58,1122.63,6866.11,6116.08,16409.5,16070.83,979.36,2805.0,6094.58,2172.76,8850.78,23724.35,2680.48,1407.61,4506.16,3201.29,5556.13,33335.2,5999.72,4509.77,82.25,18.24,7.57,68.13,51.57,38.13,67.14,14.73,26.82,20.6,2.0,-56.38,-6.27,19.36,-40.76
2026,Northern Province,Gakenke,RW42,,,forecast_no_target,False,15.87,1302.3,1,0,240.5,112.75,473.5,107.93,0.48,468.9,101.93,0.15,18.81,19.97,0.1,18.66,0.2,18.79,0.36,864.04,7.86,national,578.11,32.62,621.38,-11.45,499.73,-7.75,812.72,15.89,1202.53,1597.14,1328.15,965.75,9899.83,10250.95,12528.27,23539.48,1878.91,4209.11,4440.28,1054.92,10880.81,51241.68,4709.36,1721.55,430.15,249.86,7460.14,67626.17,9065.0,3598.64,72.46,20.13,6.12,67.94,54.83,40.84,65.99,31.77,11.23,16.0,2.0,-42.4,-14.95,-11.08,-34.21
2026,Northern Province,Musanze,RW43,,,forecast_no_target,False,10.9,1550.5,1,0,261.1,113.17,542.5,112.13,0.97,573.3,100.0,0.39,16.14,16.84,0.07,16.3,0.2,16.17,0.28,864.04,7.86,national,578.11,32.62,621.38,-11.45,499.73,-7.75,812.72,15.89,1335.05,2994.84,2243.24,1123.14,8213.17,7312.67,1855.18,483.44,260.59,9284.67,59519.94,6410.56,9127.11,19604.82,2147.98,931.34,2580.05,2770.25,3265.29,7716.57,2363.21,,0.0,0.0,10.53,82.73,48.25,44.02,154.21,23.6,23.17,96.85,2.0,-17.72,-0.43,-22.04,-10.92
2026,Northern Province,Burera,RW44,,,forecast_no_target,False,21.3,1291.2,1,0,219.0,109.81,431.6,101.31,0.18,497.3,101.02,0.24,17.36,18.28,0.24,17.4,0.36,17.4,0.47,864.04,7.86,national,578.11,32.62,621.38,-11.45,499.73,-7.75,812.72,15.89,1018.12,3188.92,3132.16,1228.49,12103.1,9852.03,,0.0,0.0,8866.2,58702.74,6620.96,8073.42,31330.21,3880.66,1542.84,7958.3,5158.21,6071.29,9915.7,1633.21,,0.0,0.0,6.86,78.34,47.15,41.25,113.44,29.31,9.4,74.61,2.0,-52.06,-6.94,,-15.83
2026,Northern Province,Gicumbi,RW45,,,forecast_no_target,False,15.6,1179.7,2,0,233.0,106.63,430.5,99.38,0.09,437.4,97.74,-0.02,18.44,19.48,0.29,18.41,0.41,18.5,0.53,864.04,7.86,national,578.11,32.62,621.38,-11.45,499.73,-7.75,812.72,15.89,811.91,2058.33,2535.17,1025.65,12397.77,12087.69,9732.57,13669.98,1404.56,4577.05,17760.96,3880.43,9067.28,32357.63,3568.61,1881.6,13710.49,7286.62,3694.06,28794.82,7794.9,,0.0,0.0,5.88,63.85,54.15,32.51,47.16,10.91,8.11,15.84,2.0,-43.1,-13.32,4.32,-54.47
2026,Eastern Province,Rwamagana,RW51,,,forecast_no_target,False,17.0,1064.2,2,1,246.7,110.38,443.4,113.14,0.92,390.6,100.46,0.15,21.29,22.76,0.33,21.01,0.4,21.38,0.64,801.17,4.11,province,545.53,41.99,726.37,-5.75,489.29,-8.57,734.2,9.77,1123.21,4053.65,3608.98,726.94,6785.8,9334.79,13723.54,32944.13,2400.56,2379.4,2490.35,1046.63,6420.43,8632.31,1344.51,1300.38,6287.05,4834.76,8191.91,70204.77,8570.02,4000.88,2070.15,517.42,6.66,66.78,52.31,33.27,39.39,13.24,10.66,15.47,2.0,-57.99,-37.15,4.53,-64.69
2026,Eastern Province,Nyagatare,RW52,,,forecast_no_target,False,5.24,960.9,2,0,152.5,104.28,332.7,97.17,0.05,401.5,100.7,0.29,21.16,22.35,0.4,21.05,0.43,21.06,0.72,801.17,4.11,province,545.53,41.99,726.37,-5.75,489.29,-8.57,734.2,9.77,1768.14,51180.24,28945.76,907.73,23420.57,25801.2,14393.6,18557.86,1289.31,6357.62,4057.77,638.25,5618.24,7544.75,1342.9,1225.14,7091.84,5788.6,5950.12,74444.22,12511.38,4174.53,9425.27,2257.8,21.37,78.99,50.69,39.31,85.93,37.68,39.81,5.78,2.0,-36.32,-3.33,-11.42,66.64
2026,Eastern Province,Gatsibo,RW53,,,forecast_no_target,False,16.26,1096.9,2,1,210.2,109.67,402.9,105.06,0.55,418.1,101.6,0.28,21.14,22.36,0.41,20.97,0.46,21.11,0.69,776.12,1.33,district,516.16,34.5,726.36,-15.65,472.77,-8.3,688.16,11.0,1085.15,11503.03,10600.44,797.3,12439.67,15602.31,3052.35,10262.28,3362.09,3975.34,11827.61,2975.25,10032.17,27272.41,2718.5,1272.34,10544.57,8287.54,6149.54,91710.47,14913.4,3793.38,6603.84,1740.88,8.34,63.08,51.21,30.27,54.09,11.67,13.95,15.28,2.0,-51.44,-14.38,-68.56,-27.15
2026,Eastern Province,Kayonza,RW54,,,forecast_no_target,False,11.57,1067.9,2,1,216.2,112.66,421.7,110.33,0.92,408.4,106.55,0.57,21.82,23.06,0.48,21.59,0.49,21.83,0.79,801.17,4.11,province,545.53,41.99,726.37,-5.75,489.29,-8.57,734.2,9.77,845.07,6190.26,7325.14,890.45,12145.58,13639.81,14607.93,49974.09,3421.02,2346.87,8706.4,3709.8,8441.41,11023.78,1305.92,1501.65,17694.89,11783.62,7269.98,69687.88,9585.71,2853.78,5246.1,1838.3,11.0,90.14,43.32,25.83,32.39,8.53,11.24,12.4,2.0,-60.21,-27.37,35.08,-38.01
2026,Eastern Province,Kirehe,RW55,,,forecast_no_target,False,14.76,1046.3,2,0,225.2,108.94,403.5,102.62,0.37,402.4,104.85,0.5,21.61,22.98,0.33,21.34,0.34,21.73,0.66,822.9,6.63,district,576.08,50.1,724.37,3.06,506.67,-8.41,769.21,8.79,2063.91,4847.22,2348.57,639.52,14890.57,23284.05,10473.6,31365.75,2994.74,1919.57,5712.09,2975.72,6381.16,8946.06,1401.95,1250.38,10563.55,8448.25,5355.49,82505.92,15405.85,5047.52,4738.32,938.74,1.45,63.43,50.41,19.69,25.2,7.81,9.94,7.45,2.0,-28.02,-26.45,-2.7,-27.21
2026,Eastern Province,Ngoma,RW56,,,forecast_no_target,False,19.48,1093.6,2,0,239.4,108.48,429.9,107.61,0.59,414.1,101.25,0.24,21.68,23.24,0.32,21.33,0.35,21.84,0.66,801.17,4.11,province,545.53,41.99,726.37,-5.75,489.29,-8.57,734.2,9.77,1032.07,1468.32,1422.7,1088.41,15372.64,14123.94,10193.28,29570.84,2901.01,3002.0,3344.19,1113.99,6866.43,8044.12,1171.51,1236.38,8736.42,7066.1,7307.23,96466.82,13201.56,3495.0,3408.56,975.27,4.72,70.93,51.61,9.76,14.02,2.47,5.28,5.89,2.0,-64.32,-15.91,26.07,-5.76
2026,Eastern Province,Bugesera,RW57,,,forecast_no_target,False,16.87,1013.5,2,0,206.7,108.6,369.5,101.73,0.1,383.0,101.67,0.21,21.54,23.2,0.28,21.16,0.29,21.68,0.59,801.17,4.11,province,545.53,41.99,726.37,-5.75,489.29,-8.57,734.2,9.77,611.05,6018.8,9850.0,608.66,14205.6,23339.06,8157.03,31113.38,3814.3,1275.86,1328.04,1040.9,5426.37,8627.94,1590.0,1097.57,2882.83,2626.55,7424.57,62208.64,8378.75,4347.09,7359.8,1693.04,11.17,57.11,55.57,21.3,27.7,12.33,8.91,6.28,2.0,-43.75,-30.79,129.48,-13.01
